period_year,items,item_count
1661,一員漢大學士|一員漢學士|丁丑|丁巳|丁未|丁糧|七月|三品|三月|三院|世俊|世祖|世職|丙午|丙子|丙辰|乙巳|九卿|九月|乾清門|二月|五月|佐領|佟延年|侍衛|侍衛臣|侍讀|侍郎|侯爵|侯祁三|保定|修撰|傅喀禪|傅格|元年|光祿|內國史|內國史院|兩淮|八月|公|公古睦|公白爾|公穆琛|六月|六部|兵部|冀州|刑部|劉國彪|加少保|十一月|十七年|十二月|十八年|十六年|十月|卓禮克圖|協理|南巡|卿|參政道|參議|參領|及第|古木布|古木布子|台吉|右侍郎|右都御史|司官|吏科|吏部|吳喇忒鎮|吳喇忒鎮國|吳庫立|周季琬|周祚為|咸陽|哈察哈爾|啟心郎|喀爾喀卓禮克圖|四品|四月|固山|國公|國子監|圖勒弟|圖噶布楚|圜丘|土司|土默特|壬午|壬子|壽皇殿|外任|外官|外藩|外轉|多羅|多羅額爾德尼|夜子刻|大乘|大學士|太保|太僕寺|太子|太宗|太宗皇帝|太廟|太祖|孔子|學士|守備|安南|宋德宜|宗人府|宗室|官制|官役|官穆生輝|官阿世熙|官除|宿州|實錄|寶泉局|對喀納|尚書|尚陽堡|尼哈番|尼滿|屯田|山東|崇明|巡按|巡撫|工科|工部|左侍郎|左翼|己卯|己酉|巴哈|巴林|布政使|布顏|庚戌|庚辰|康熙|廣東|廣西|延綏|引見|弘文院|彝陵|御史|慕義侯|戊午|戊寅|戊申|成肇毅|戶部|按察使|提督|撫標兵|撫臣|撫順|明朝|昭陵|時憲|時躍|景山|曹氏|朔|朱爾札|朱穆秦|李逢茂|查布海|正月|歸化城|殿試|永陵|汗|江南|江寧|江西|沅|河南|河間|流官|浙江|湖北|湖廣|湖廣沅州|溧陽縣|滿|滿兵|滿洲|滿漢|滿漢官|漕|漕儲|漕務|漢大學士|濟克蘇|王|王世選|王功|王熙|王貝勒|理藩院|甘肅|田雄|甲戌|番|白爾圖|盛京|直隸|督捕|知府|知縣|祁通格|祭酒|福建|福王|福陵|禮儀|科爾沁|科道|科道官|秘書院|穆札察罕|穆生輝|章雲鷺|筆帖式|糧道|納艾元|索尼|終之禮|給事|統古魯格|統特晉|經歷|練達素|縣官|總兵|總理|總督|總督趙廷臣|總管|翰林|翰林院|考成|胡世安為|胡兆龍|臨江|臨海|臬|荊州|葉方藹|著額色|蒙古|蔣國柱|蕭縣|薩哈爾|藩司|藩王|藩院|衛元堡|袁廓|袁文舉|褚崇克|襄陽|襲爵|西安|親王|覺羅伊圖|覺羅科爾|訥爾布|課額|諸王|諾木齊|貝勒|貝勒桑噶爾|貝勒貝子|貝子|貴州|費齊|賈卜嘉|賈卜嘉爾|賈卜嘉進|赫德|辛丑|辛亥|辛巳|通判|通政使|進士|運同|達爾扎|達爾漢綽爾濟|郎中|郎廷佐|郡王|部|部落|都察院|都御史|都督|鄂謨克圖|鄖鎮|鄖陽|金之俊|鐵嶺|鑲黃旗|開元|阿思哈|阿旺羅卜藏|阿達|陜|院學士|陰應節|霸州|順治|顧豹|駐防|騎校|魏裔介|鹽城|麻勒吉|麻勒吉學士|黑成克|龔榜,333
1662,丁未|七月|三月|世祖|乙亥|乙巳|九卿|九月|二十日|二年|二月|五品|五月|佟鳳彩|侍衛|侍郎|元年|元旦|光祿|兩宮|八旗|公噶布|公噶播|六品|六月|六部|兵部|典章|刑科|刑部|副將|功次|加級紀|十一月|十二月|十月|南充|南投|右侍郎|司僉事|司官|吏科給|吏部|吳三桂|吳邁|周明|周祚|哈番|四品|四川|四月|國史院|壬寅|壬申|夔|大學士|大將|太常|太常寺|太廟|太皇太后|孔子|孝陵|安徽|宗室|宗文皇帝|定西|實錄|尚可喜|尚書|尼哈番|岳池|巡撫|巡撫林|巡道|工部|左侍郎|己亥|己巳|布政使|平南王|平武|平西王|庚午|庚子|康熙|廈門|廣東|廣羅總兵|建昌|戊寅|戊戌|成克|成都|戶口|拉之子|按察使|提督|操江|敘紀錄|明末|昭陵|時憲|朔|朱之錫|李國英|李榮|東海|東濟南|東郊|柳慶昌|楊氏|正月|永陵|江南|江油|江西|浙江|溫州|王|王傑書|王化致|王岳樂|王岳樂父|王氏|甲戌|甲辰|畝徵銀|番|癸卯|癸酉|登州|直隸|知縣|福建|福陵|科道|秘書院|給事|統領|緬甸|總兵|總督|考滿|胡世巴之子|至瓜洲|良棟|荷鴻圖|藩王|蜀|言官|貝勒|貴州督標|起龍|軍副將|辛丑|辛巳|辛未|辛酉|通政使|進士|遣大學士衛|郎中|郡王|都察院|都御史|阿巴泰|阿思哈|阿達|陜|陸萬頃|雲南|雲南趙州烈|領侍衛內|馮溥|高氏|魏裔介|鮮國王|龔鼎,179
1663,一龍|丁卯|丁酉|七月|三月|世祖|丙寅|丙申|丞|丹津|主事|乙丑|乙未|二十一日|二年|二月|五月|京堂|伯|伯伊爾登|例免|侍衛|俞曰昌妻|元年|元旦|內國史院|內院|八旗|八月|公穆琛|六部|兵部|刑部|劉子|十一月|十二月|十五日|十四年|十月|千把|厄魯特|參將|參領|台州|右侍郎|司僉事|司官|吏部|呂氏|呂爾載|周全|哈爾佛|哈番|哈納|嚴州二府|四川|四月|回部|國史院|城守|堂子|堂官|壬寅|外郎|多羅貝勒善|多羅貝勒噶爾瑪|大學士|大理寺|太子|太師|太廟|太皇太后|如梅|妻莫氏|孔子|孝陵|孫噶都|守備|安南|宋徵輿|宋琬|宗人府|官哈爾庫|實錄|將軍傅|少師|尼什|尼哈番|崇文|巡撫|巡道|工科|工部|左二營|左侍郎|左翼|己亥|己巳|巴拜|布政使|平南王|庚午|庚子|康熙|康皇后|廈門|廣東|張杰會|往孝陵|御史|德護|戊戌|戊辰|戶口|按察使|提標|提督|故多羅貝勒善|文禮妻|新樂|施琅|明洪武|昭陵|時憲|會典|朔|朝鮮國王|朱之瑤|李之粹|李率泰|杜趨|杭州|梁山|條奏|標統|檢討|正月|正紅旗|永陵|汀州|汗|江南|江寧|江西|江西省|河南|浙江|海澄公|湖廣|溫州|滿洲|滿漢|漕運|熊賜|營遊擊|王|王勗|班禪|瑪行|甲午|甲子|甲戌|畝徵銀|番|癸卯|癸巳|白旗|皮靜|監造|盧崇峻|祖澤溥|福建|福陵|科道官|符渭英|給事|統特晉|統穆里|統領|編修|總兵|總理|總督|總督趙廷臣|織造|考官|耿繼茂|聖壽節|胡世安|胡土克圖|臣濟農|芝光祿|若真|茶馬額數|荷蘭國|董篤行|蒙古|藩王|蘇州|蘇松|衢州|袁宗第|袁生|襲爵|西安|西山|西延綏|西藏|西鄉|覺羅|許暢|評事|貴州|賀表|赫德|輪班|進表文|達爾漢卓禮克圖|選世襲|郎中|郡王|部堂|部落|都司|都察院|都御史|鄉試|鄭錦|金山|金門|金門二島|鎮標|鎮江府|鑄錢|閔氏|阿達|陜|雅布|靖南王|馮溥|馮起|魏明|齊爾汗,243
1664,一品|丁亥|丁憂|七品|七月|三品|三月|世祖|丙寅|丙戌|中式|乙卯|乙未|九卿|九月|二十二日|二年|二月|五品|五月|京口|今漢軍漢官|佟浩年|侍衛|侍郎|保康|儀王|元年|元旦|內務府|八月|六品|六月|兵部|冠軍使|刑部|副將|劉兆麒疏|劉芳|劉進|十一月|十七年|十二月|十五日|十八日|十六年|十月|協領|博爾金|參領|同知|吏部|吳三桂|吳六奇|吳盛|吳萬福|呂宮|周召南|周有德|唐王|喇哈為|喇哈達|四品|四川|四年|四月|國史院|圖子常|圖巴|堂子|壬戌|壬辰|壽州|夔|外郎|大學士|大理寺|太保|太傅|太子|太廟|太皇太后|太祖|奇岳長|姚總兵|孝陵|學士|宗文皇帝|官役|官陳德為|實錄|寶衡|少傅|少卿|尚書|尼哈番|山東|巡撫|工科|工部|己丑|己未|巴哈|巴拜子|布政使|平西王|庚|庚午|庚寅|庚申|康熙|廖丹|廣總督|廣西|建昌|弘文院|張傑|張國柱|張彥|張賢|張長|彭而述|往孝陵|徐惺條|御史|恭城|戊午|戊子|戶部|按察使|提督|故達爾漢卓禮克圖|施琅|明珠|昭陵|時憲|會試|朔|朔日|朝鮮國王|朱由榔|李來|李國英|李率泰|李蔭祖|李長|杜楞貝勒圖|杭州|梧標|楊來|楚省|正月|武進士|武闈|歷城|歷城縣|殿試|殿門|毛壽|永陵|汀州|江南|沅|河北|河南|河官|泉州|海澄公|海豐|湖廣|湖廣彝陵|湖廣辰常|滿洲|滿漢|滿漢官|漢軍漢人|漳州|爵|猺|王|班達爾沙|甲午|甲子|甲寅|甲辰|番|癸亥|癸巳|登青萊三府|盛京|直隸|督捕|知事|知州|知府|知縣|祖澤溥|祭祀|福寧|福建|福陵|科道|秦州|竹山|竹溪|糧道|給事|統特晉|縣衛|總兵|總督|總督屈|總管|考滿|耿繼茂疏|胡茂楨|自順治|興化|興山巴歸|范承謨|荊彝|董大|蒙古|蔡祿|藩王|袁象|襄陽|襲爵|諭戶部|貝勒|貝子|貴州|賁岱|辛卯|辛酉|通政|通政司|郎中|郝搖旗|郡王|部落|郴靖二州|都督|都統|鄖襄|鄭錦殘黨|銅山|鎮將|鎮標|鑲紅旗|鑲黃旗|阿思哈|阿納海|阿達|陜|陸鰲|雲南|靖南王|項嚴|領侍衛內|饒平|駐防|齊墨克|齊河,264
1665,丁亥|丁巳|七月|三月|丙戌|丙辰|主事|乙卯|乙巳|乙酉|九月|二十日|二月|五月|以科爾沁|何進忠|元旦|八月|六月|六科|兵部|其貴州|劉兆麒|劉漢儒|十一月|十二月|十月|南巡|南府|南昌|南漳|台吉|右侍郎|吏部|吳三桂|吳庫立|哈番|四川|四年|四月|固山|圈地|圖爾親|地丁|堂子|壬午|壬子|壬辰|外郎|多羅冰圖|大名府|大理寺|太原|太廟|太皇太后|奉國將|奉天|孝陵|官馬維興|實錄|少卿|尼哈番|山東|山西|山西太原|巡撫|工部|左侍郎|己丑|己未|巴哈|布政使|常寺卿|平南王|平西王|平陽府|庚戌|康熙|廣東|廣西|建昌|御史|德州|恩格|慕仁伯陳輝|懋功|戊|戊午|戊子|戶口|戶部|按察使|掌印|提督|明末|昭陵|時憲|普蚌山|書吏|朔|朝鮮國王|朱昌祚|李率泰|李粹然|桂林|楊德|楊道生|正月|武榮元|永和|永陵|江南|江西|江都|沙喇哈番|河南|河間|浙|湖廣|湖廣茅麓|滿漢官|潘士秀|王|王滿|王班|珠習|班敦|甲寅|甲申|番|番桑圖|癸丑|癸未|直隸|知府|碩達爾漢巴|祿昌賢|福建|福陵|科道官|管官|統喇哈達|總兵|總兵羅大順|總督|總管|聖壽節|蒙古|薩賽|藍旗|藩王|蘇拜長|蘇松常道|襲爵|西山|西肅州|西蘭州|貴州|起科|辛巳|遊擊|郎中|郝惟訥|郝承裔|郡王|部試|都察院|都御史|都督|都統|鄭致|鑲黃旗|開州|阿思哈|阿爾納嘎爾瑪|阿達|陜|雅布|雲南|青州府|韓世琦|額參|駐防|高承恩|鹽引,185
1666,丁丑|丁未|七月|三司首|三月|世祖|丙午|丙子|丙戌|丞|丞高|中山王|丹津|九月|五月|侍讀|俸銀|元旦|內務府|八旗|八月|公|公穆琛|六月|兼禮部|刑科|刑部|劉光漢妻|劉文|十一月|十二月|十月|厄魯|右侍郎|司僉事|吏部|吳應期|周明|周有德|啟隆|四川|四年|四月|回部|土司|土目|地方官|堂子|壬午|壬子|多羅|大學士|大定|大方|太廟|太皇太后|奉天|孝陵|學士|安坤|安陸衛|宗人府|官缺|官調|官馬寧|實錄|寧州|寧遠|尋武霑|對喀納|尚可喜|尚書|尚質|尼哈番|山東|山東道|岳州|巡撫|工部|左侍郎|左營|差扎魯|己卯|己酉|布政使|常德|常春|平南王|平西王|平遠|平遠府|庚戌|庚辰|康熙|廣東|廣西|弘文院|張占|張朝|張登選|張維赤|御史|戊寅|戊申|按察使|文闈額|明珠|昭陵|時憲|曹熙|曹秉桓|朔|朔日|朝貢|朝鮮國王|朱之弼|李氏|正月|正藍旗|武寧|武生|武鄉|水西|永陵|江西|沔陽|沔陽州|沙府|河南|海喇遜|清明|湖南|湖廣|溫氏|滿代妻|滿洲|潜江|照磨|王|王熙|王賜元|理藩|琉球|瑪行|生員例|甲戌|癸丑|癸卯|癸酉|白旗|直隸|督撫|知事|知縣|石申|碣石|祥縣|福建|福陵|科臣|科道|秘書院|給事|統穆里|經歷|總兵|總督|總督苗|總管|蒙古|蔚之煥|蔡毓榮|藍旗|藩王|蘇利功|虞城|襲職|西山|許世昌|諸王|貝勒桑噶爾|貝勒貝子|貴連妻|辛亥|辛巳|通判|進春|那氏|郎中|郝惟訥|郡王|都察院|都御史|金佐明|錫拉代妻|開化|開化鎮|開缺|阿豆|雜職|雲南|順治|鮑瑞魁|黔西|龔鼎,205
1667,一品|丁丑|丁未|七品|七年|七月|三品|三月|三院|世襲|丙午|丙子|丞|乙亥|乙巳|九卿|九月|二品|二月|于大海|五品|五城|五月|京畿道|仁安驛|伯|但錫爵|佐領|侍衛|侍讀|侍郎|元旦|光祿|光祿寺|內務府|內院|八旗|八月|公|公爵|六品|六月|兵部|其漢軍漢人|典籍|刑科|刑部|助教|十二月|十四年|十月|南苑|博士|卿|司僉事|司官|同知|吏部|員外|員缺|啟心郎|四品|四川|四月|固山|國子監|地方官|堂子|壬寅|壬申|大學士|大理寺|太僕寺|太原|太常寺|太廟|太皇太后|姚文然|孔子|孝陵|孫石|學士|學政|守令|守南道|守寧道|守東道|安化|宗人府|官役|實錄|寧武道|少卿|尚善|尚書|尼哈番|山東|山西|岐山|岢嵐道|崇德|巡南道|巡撫|工部|己亥|己卯|己巳|布政使|布政司|常寺卿|平西王|平陽府|庚午|康熙|廣東|弘文院|張勇|律書|御史|戊寅|成都|戶部|按察使|掌印|提督|提調|教習|旗人|明教|昭陵|時憲|會典|朔|朝鮮國王|李來|李有|東郊|條例|條奏|楊熙|正月|永陵|江南|江西|河保營|河南|浙江|清明|湖廣|湖廣道|滿洲|滿漢|漢官會|漢軍學士|漢軍漢人|漢軍漢學士|潞安|熊賜履|爾濟哈|王|王之治|王來|王公|王熙|理藩|瑪行|甘肅|甲戌|甲辰|番|癸卯|癸酉|登仕家屬|登仕為|白秉真|盧崇峻|直隸|督捕|知事|知府|祭酒|福建|福陵|科道|筆帖式|索尼|給事|統穆里|經歷|縣君婿|總兵|總督|繼祖|考課|考選|舉人|蒙古|蕭震疏|薛所蘊|藍旗漢|藩王|藩院|襲職|西山|親政|覺羅塔達|覺羅巴爾|言官|評事|諸王|議政王|讀學士|讀祝官|貝勒|貝勒貝子|貝子|贊禮部|赫里|辛丑|辛未|通判|通政|通政使|遊擊石|郎中|部落|都察院|都御史|都督|鄂齊|鄭世襲|鄭知|鄭芝龍|鑲黃旗|閩|阿喇卜坦|阿喇納|阿思哈|陜|陝西|雲南|雲貴|順治|驛傳|高雷|魏裔介|龐之治,247
1668,丁卯|丁酉|七年|七月|三元|三月|丙寅|丙申|主簿|乙丑|乙未|九月|二年|五月|伊有財|伯車爾布|佟光|侍衛|侍讀|侍郎|元旦|內務府|內國史院|八月|六月|六部|兵科|兵部|劉斗|劉芳躅|劉進|努山|十一月|十二月|十月|南苑|卞|古溝鎮|古龍|台吉|右侍郎|司官|同知|吏部|吳俊親|吳明|吳瑪護|周橋閘|周祚|喀爾喀戴青|喀爾喀會盟|四年|四月|地方官|堂子|報山|壬寅|夏家橋|大學士|大學士衛|太廟|太皇太后|奉天|孔子|孝陵|學士|安山|官馬紹|實錄|將軍|將軍江寧|尚書|尼哈番|山東|山西|巡撫|工科|工部|工部侍郎|左侍郎|左江|左翼|己亥|己巳|己酉|布政使|常寺卿|常進|常鼐|平凉|庚午|庚子|康熙|廣東|廣西|弘文院|御史|戊戌|戊申|戊辰|成額|戶部|按察使|推官|提督|提鎮|故明|敖色|昭陵|時憲|暹羅國|會典|朔|朝鮮國王|朱之弼|李宗孔|東巡撫|正月|永陵|江寧將|江西|河南|河臣|泗州|淮揚|淮水|清口|湖廣黃岡|滿洲|滿漢|滿漢官|漕|漕運|漢軍各官|王|王森烈|王熙|甘肅|甲辰|癸亥|白秉真|盛京|盱眙|直隸|督捕|督撫|知府|祖澤溥|福建|福陵|秘書院|程芳朝|米思翰|給事|縣官|總兵|總河|總督|總管|翟家壩|老子|蒙古|藍旗|藩王|襲職|西安|西莊浪|諸王|護軍統|貝勒貝子|貴州|起科|辛丑|辛卯|辛未|通判|通政|達哈塔|達爾布|邵伯|郎中|部|都察院|都御史|都統|鄂善|鄭致|阿席熙|阿思哈|陜|陸坤司|雲南|高寶等|高郵寶應|魏韜嘯|鹽政|麻哈州令,197
1669,一月|七月|三月|世祖|丙寅|乙未|九月|二年|二月|五月|伊思哈|佛倫布|侍衛|侍衛費耀色|侍郎|俞鐸|元旦|兄趙布|內班布爾善|內閣|八旗|八月|公爵|六月|兵部|其世職|典籍|刑部|劉之源|劉光|十一月|十二月|十月|卓保子|卓林承襲|博禮|卿|厄魯特|台吉|右侍郎|吉士|吏部|吳格塞|吳格塞布|吳格塞額爾德|哈番|哈納卓靈|喀爾喀戴青|喇哈達|四川|四月|圖爾格|堂子|壬戌|壬辰|外藩|大學士|太保|太僕寺|太子|太宗皇帝|太師|太廟|太皇太后|奉天|孝陵|孫阿圖|學士|宗人府|宗室|宗文皇帝|宜理布|實錄|封爵|將軍吳瑪護|尋甸府|尚書|尚書噶褚哈|尚書祁徹|尚書葉|尚書馬邇|尼哈番|山東|山西|山西大同|巡撫|巡撫王|工部|左侍郎|己丑|己未|己酉|巴泰|布太|布政使|布爾善|布爾尼|布達禮|希福|常寺卿|平江|平遠|庚寅|庚申|康熙|康皇后|張爾素|御史|戊子|戊戌|成額|戶部|按察使|教習|散館|斬馬邇|旨班布爾善|明安達禮|昭陵|時憲|曲靖|朔|未時|本旗|朱昌祚|李慶|杭愛|林丹汗|正月|正紅旗|武鄉試|永陵|汗|江南|江寧|汪之洙|沙喇哈番|河南|浙江|海子|湖南|湖廣黃梅|滿洲|熊賜|爵班布爾善|獲鹿柏鄉|王|王傑|王岳樂|王弘祚|王清為|王爵|王蘭布|班布爾善|瑪塞本|瑪泰|瑪馬邇|甲午|甲子|畢什克圖|癸亥|癸巳|登聞鼓|白乃心|白旗|直隸|直隸束|督捕|知府|碩代桑|碩敬|福陵|科臣|科道|穆成額|穆里瑪|筆帖式|納克羅多|索倫噶爾圖|統穆里|統覺羅塔達|總兵|總督|纂修|罪班布爾善|考試|舒爾虎|良棟|莫佛倫|莫泰|葉成|蒙古|蔣國柱|薩木布|藍旗|藩王|藩院|蘇克薩哈|蘇爾馬|蘇爾馬班|蘇納海|褚哈|褚哈泰|褚哈濟|褚哈穆里|親政|親王|覺羅勒德洪|覺羅班敦|覺羅碩博會|諸王|議政王|議政處|護軍參領|護軍統|貝勒|貝勒貝子|貴州|費耀色|辛卯|辛酉|通判|通政使|進春|遏必隆|達布達|達禮|達賴|選官|部尚書|郭爾渾|郭爾親|郭禮|都察院|都御史|都統|鄂羅斯察漢汗|配享|鑲黃旗|阿布柰子|阿思哈|阿戎|阿魯山|陜|領侍衛內|領賴塔|額哲|額爾德|高辛|鮮國王|鹿縣|黨班布爾善|齊爾汗|龔鼎,254
1670,丁亥|丁巳|七年|七月|三月|世祖|丙戌|丙辰|丹津|乙卯|乙酉|九卿|九州|九月|二十一日|二十六日|二年|二月|五月|侍讀|元旦|內國史|內閣|內院|八月|公額|六月|典籍|刑部|初一|前明|劉國柱|劉恒祥|劉祚遠|十一月|十七年|十七日|十二月|十八年|十四年|十月|午時|南巡|南苑|博濟|博野|卜臣|參領|史德業|右侍郎|吉士|同知|吏部|吳應|吳本立|吳氏|周之麟|周氏|喀爾喀扎|喀爾喀索諾|嚴正矩|四川|四月|國史院|圖海|城外|堂子|壬戌|壽光縣|外郎齊|大學士|天命|太倉|太和殿|太宗|太廟|太皇太后|太祖|威寧|婁縣|孔子|孝康章|孝陵|孟亮|學士|宋允昌|宗人府|宗文皇帝|實錄|尚書|尼哈番|山東|山東陽信|巡徽寧道|巡撫|巡鳳廬|工部|左侍郎|左宗正|己丑|己未|巳|巴克|常鼐|庚寅|庚戌|庚申|康熙|廖廷|廣西|張宿|張德地|張氏|張鵬翮|御史|德赫勒|懋功|戊午|戊子|戶部|房氏|掌印|撒爾達|教習|文廟|文運亨妻|昭陵|時憲|朔|朝鮮國王|朱典|朱萬年|李之芳|李之芳謂|李光地|李化熙|李夢庚|李應|李振裕|李格聘妻|李錄|李阜|杜立德|杜鎮|東郊|格爾古德|桃源|楊光廷妻|楊氏|正月|正紅旗|正黃旗|武縣|永陵|汗|江南|江夏|沈獨立|河南|泰安|浙江|海豐縣|淮揚|淮海|湖廣|滇|滿|滿洲|漕|潘九|濰縣|濱州|王|王岳樂|王氏|王維珍|班布爾善|瑪訥|田逢|甲寅|甲申|甲辰|癸|癸丑|癸巳|白旗|睢寧縣|知縣|碩額|磁州安陽|祖文謨|福寧州|福州|福建|福陵|禮儀|科道|秘書院|編修|總兵|總裁官|纂修|翟延初|翰林院|考選|耿願|聶等進|膠州|臨桂縣|興泉|范承謨|董安國|蒙古|薩克圖|藩下|藩王|蘇松常道|襲爵|襲職|西洋|覺羅|許孫荃|諸王|講官|護軍參領|護軍統|貝勒|貝勒貝子|貢士|貴州|賦喀爾|進士|運使|遲彥|邵道|郡王|都統|鄭氏|配享|鎮國將|鑲黃旗|閔鼎重|阿喇納|阿思哈|阿育璽子|阿豐肅|院學士|雲南|雷趙文|靖南王|韓士|順治|養德妻|高璜|魏裔|魏裔介|魯陳琛|龍妻|龐氏城,259
1671,丁未|七月|三月|世子|世祖|世職|丙子|丞|乙卯|九州|九月|二月|五月|伯噶都|佟浩年|侍講|侍讀|侍郎|修撰|傅達禮|元旦|八月|六安|六月|兵科|兵部|刑部|利耶夫|劉斗|劉鴻儒|十一月|十二月|十月|南巡|南苑|卿|參領|台吉|右侍郎|司官|合肥|吏部|喀爾喀諾門|喇祜塔襲|四川|四月|固山|國子監|堂子|壬午|壬子|大學士|大理寺|太保|太子|太學|太宗|太廟|太皇太后|太祖|奉天|孝陵|孫在|學士|安南|宋德|宗人府|實錄|尚書|尼哈番|山西|巡撫|巡道|工部|左侍郎|己卯|己酉|布政使|常寺卿|平州|庚戌|庚辰|府尹|康熙|廬州|建昌|張貞生|懋功|戊寅|戊申|戶部|掌院|提督|文安|新城|昭陵|時憲|普安|普定|曹申吉|朔|朔日|朝鮮國王|朱延禧|李仙根|李天浴|李如|杜輝|杭州|查祿|梁化|正月|永陵|汗|江南|沙喇哈番|河東守|淮揚|滿洲|漕米|漕糧|漕運|漢軍副都統|漢軍都統|王|王印祚|王岳樂|王巴達|理藩院|琉球|甘肅|田逢|甲寅|甲申|癸丑|癸未|白旗|直隸|督捕|督撫|祭酒|福建|福陵|禪塔海奏|科爾沁|科爾科代|納爾渾|給事|編修|總兵|總督|翰林院|考成|蔡啟|薊州|薩爾札|藍旗|藩王|藩院|襲爵|襲職|覺羅額爾德|諸王|諾爾布子|講官|護軍統|讀學士|貝勒貝子|貝子|貴州|辛亥|辛巳|辛泰|達爾巴|達禮|郎中|部|都司|都察院|都御史|鄉試|鑲黃旗|阮福祿|阿喇密|阿思哈|阿煙|阿穆瑚瑯|阿蜡|雁平|雲南|雲南永北|霸州|順治|領侍衛內|額克錫納|鳳少保|鳳陽|黔西,198
1672,一月|丁丑|丁未|七月|三旗|三月|丙午|丙子|丞|乙亥|乙巳|九月|二月|五月|京城|佟國印|侍衛|侍讀|侍郎|儀真衛|元年|元旦|光祿|內閣|八旗|八月|公索諾|公索諾穆|六月|兵部|兼禮部|劉秉權|十一月|十二月|十月|南苑|卿|參政|參領|同知|吏部|吳丹學士|哈里|唐圻|四月|圜丘|地丁|堂子|壬子|壬寅|壬申|多羅貝勒|大學士|大理寺|太廟|太皇太后|奔氏|妻杜氏|妻柯氏|孔子|孝陵|學士|學士史|安嶺|安徽|安慶|宋俄圖|宗人府|宿遷|察哈爾奈曼|實錄|尚善|尚書|尚書黃機|尼哈番|山西|崇文|巡撫|巡撫郎廷|巡撫馬祜|工部|己卯|己巳|常寺卿|平西王|康熙|廣東|張足法|恩伊|慈寧宮|戊寅|戊申|戶部|故鎮國|明珠|昭陵|時憲|暹羅國|會典|朔|朝鮮國王|東山廟|桃源|正月|正紅旗|正黃旗|永陵|江南|河南|法氏|淮安|清河|滁州|滿洲|潞城|王|王天成|王清|王秉仁|王貝勒貝子|甲戌|甲辰|癸丑|癸卯|癸酉|福陵|穆子|統傑|統喇哈達|總兵|翁牛特|翰林院|胡之睿|興仁堡|蒙古|蔡九|藩王|襲爵|覺羅畫|諸王|貝勒貝子|貝子|貴州省|赤城|軍統領|辛丑|辛未|進春|邳州|部落|郭廷祚|都察院|都御史|鄭致|開歸|陜|靳輔|顧應|馮溥|駙巴,160
1673,丁卯|丁酉|七月|七里|三旗|三月|三河|世祖|丙寅|丙申|之龍妻|乙丑|乙未|九卿|九月|二月|五月|京|今春|伊爾度|伊爾門|佖|侍衛|侍講|侍讀|侍郎|修撰|元旦|光祿|內閣|八旗|八月|六月|兵部|刑科|刑部|刑部侍郎|十一月|十二月|十月|南汝總兵|卜臣|卿|口關|右侍郎|司通政|吏部|四川|四月|圖庫|圖性納|地丁|堂子|塞爾格克|壬寅|壬戌|壬申|夏間|夕月壇|多爾木妻|大學士|大理寺|太保|太傅|太僕寺|太子|太廟|太皇太后|奉天|孝陵|孫光祀|孫達|學士|守備|宋德宜|宗文皇帝|官柯鐸|實錄|少保|少傅|少卿|少師布|尚書|尼哈番|崔蔚林|巡撫|工部|左侍郎|己亥|己巳|巴泰|布政使|常寺卿|年克著|庚午|庚子|府尹|庫祿克|康熙|弘德殿|張英|彭之鳳|徐履升妻|德寧為|恩克|戊戌|戊辰|戶部|提督|故明|明珠|昭陵|時憲|朔|朝鮮國王|李贊元|杜篤祜|根坤巴|桂東|桑峨|正月|武清|歸化城|永陵|沅|河南|湖廣|滿洲|滿漢|漕運|瀏陽|熊賜|王|王光裕|王度|王鴻緒|癸丑|癸酉|白旗|盧震|直隸|眷懷庫|碩塞|碩額|祭祀|祿克達爾漢|福陵|禮巴圖|秋審|科道|秦|穆福席|給事|編修|總兵|總河|總督|總裁|纂修|翁氏|翰林院|胡妻|胡禮布|臬|舜妻|葉錫禮|董安國|蒙古|蔡氏|藍旗|藩王|蘇爾泰|衡州|覺羅氏|諸王|講官|護軍統|貝勒貝子|起居注|辛丑|辛未|通州|通政|通政使|達爾漢|郎中|郭廷祚|郭氏|郴州|都察院|都御史|都統|酉|重慶|鎮國將|鑲紅旗|關氏|阿克|阿思哈|阿賚希爾|陜|雲南|雲南鶴麗|領赫業|香河|駙耿聚忠|齊爾格申|龔鼎,208
1674,丁卯|七月|三旗|三月|世祖|丙寅|丙申|乙丑|乙未|九月|九江|二月|五月|京|何士榮|佟國璽|侍衛|侍讀|侍郎|保寧|偽守備|偽遊擊|傅喇塔|傅達禮|僉事|元旦|兗州|內閣|全川|八旗|八月|公|公圖納|六月|兵部|其察哈爾|兼禮部|副將|劉澤龍|劉進|劉震襲|勒爾錦|十一月|十二月|十八日|十四年|十月|南京|南康|南昌|卜臣|卿|參領|台吉|台州|史雅賴|右侍郎|吉安|同江|吏部|吳三桂|吳三桂子孫|吳喇諾羅河|吳國楨|吳蘇路|吳逆|周卜年|周有德|周球|周襄緒|嘉猷|嚴州|四川|四月|固山|土默特|城守尉|堂子|塞白理|壬戌|壬辰|外藩|大學士|大將|大理寺|太和殿|太宗|太廟|太皇太后|太祖|奉天|奚氏|妻佛氏|妻孫氏|姚弘|婺源|孝陵|學士|學士王|安南|安徽|安慶|安西|宗室|宗文皇帝|察哈爾|實錄|將弁|將王廷|將軍|將軍哈爾哈齊|將軍哈爾哈齊率|將軍圖|將軍多羅順|將軍希爾根|將軍胡禮布|將軍華善|將軍貝勒|將軍賴|將軍賴塔|將軍赫業|將陳世凱|將陳鵬|尚可喜|尚善|尚書|尼哈番|屯黃瑞山|山東|山西|岳州|巡撫|巡撫田逢|工部|左翼|己丑|己未|巴圖|巴林|巴海|巴爾堪|巴爾布|希爾根|平南王|平陽|平陽三鎮|庚寅|庚申|府尹|康熙|廣信|廣巡撫|廣東|廣西|建德|建昌|張德地|張朝珍|張華善|彝陵|彭二縣|彭澤|彰德|徽州|應奎|成龍率|戶部|扎布|承郡王|折勒氏|折爾肯|掌院|提督|提鎮|撥什庫|撫建|擴爾坤|敖漢扎魯特|易邁|昭化|昭陵|時憲|曾璽|朔|朝鮮國王|朱滿|李之芳|李德明|李林隆|李榮|杜臻|杭州|東陽縣|根特|梁大|正月|正黃旗|武昌|每佐領|永陵|江南|江寧|江寧將|江浙|江西|江西省|沅|沈益|河南|浙江|海豐|清明|湖南|湖口|溫州|滿兵|滿洲|滿洲佐領|滿洲漢|潼關|澧|烏喇木倫|營副將|猓|王|王傑|王喇布|王廷梅|王爵|王節|王貝勒貝子|王速|王選|王酌|田六善|甲午|甲子|甲寅|癸亥|癸巳|直隸|督標|知府|石城|祥符|福建|福陵|科爾沁|穆森雅賴|筆帖式|粵東|統塞格|統領|經略|總兵|總兵陳理|總督|羌|翰林院|翰都統|耿仲明|耿精忠|耿繼茂|興國|范達禮|莫洛|莫洛經略|董額|蒙古|藩王|蜀中|袁州|襲爵|西安|親王|許貞|諸王|講官|議政王|護衛陳嘉猷|貝勒貝子|貝子|贛|贛州|軍副將|軍喇哈達|軍機|軍額楚|輝縣|辛卯|辛酉|迦保|遊擊|郎中|都御史|都昌|都督|鄂克濟|鄖|鄖襄|鄖陽|金壽|鎮守大將|鎮東將|閩|閩省|阿喀尼|阿密達|阿席熙|阿思哈|陜|陽平|陽平關|雲貴|霸州|靳輔|顏圖|饒州|駐防|魯席布|鮑虎|鮮國王,322
1675,丁亥|丁巳|七月|三堡|三月|三水|世凱|丙戌|丙辰|乙卯|乙酉|九月|九龍|二十七日|二十三日|二十日|二月|五月|五桂寨|令貝勒察尼|任德旺|佟國綱|侍衛|侍郎|侯張勇|保寧|偽守備|偽遊擊|傅達|傅達禮|元旦|元輔|八旗|八月|公圖納|六月|兵部|冷口|初六|副將|劉偶|劉成|劉進|勒爾錦|勞之辨|北元口|十一日|十一月|十七日|十九日|十二月|十四年|十四日|十月|南昌|南湖|南漳|南苑|卜臣|厄爾德尼|參將|參贊|台吉|右侍郎|司通政|吏部|吳三桂|吳林|單家河|單實|四月|固原|城守|堂子|壬午|夏州|多羅|大學士|大將|太子|太廟|太皇太后|奉新|孔子|孫思克|孫昌期|學士|安北|官陳福|定邊|宣府|察哈爾兵|實錄|寧夏|寶雞縣|將軍|將軍坤|將軍多羅順|將軍畢|將軍阿密|少保|尚善|尚書|尼哈番|岳州|岳樂|巡撫|巡撫郎廷|工部|左侍郎|己丑|己未|巴三綱|巴圖|巴泰|常寺卿|常鼐|干縣|平凉|平慶道|平陽|庚寅|庚申|康熙|廣東|廣總督|廣西|延安|弘德殿|張勇|張國勳|張家口|張朝珍|彝陵|徐尚朝|惠安|慶陽|戊午|戊子|戶部|承郡王|掌院|提督|撫臣|明珠|昭陵|時憲|朔|朝鮮國王|朱龍|李之芳|李廷魁|李梅友|李榮|李正|李玉國|杜爾麻|東河灘|松溪|查布海|楊來|楊宗道|楚|正月|武昌|武營|武英殿|每佐領|永陵|江南|江西|河南|河西|洪明|浙江|涇州|淳化|湖南|湖廣|湘潭|溫台|溫州|滇|滾布倫辰|滿|滿兵|滿洲|滿漢|潮州|潼關|澧|熊賜|熊賜履|營參贊|猓|王傑書|王屏藩|王岳樂|王廷美|王福壽|王輔|王輔臣|王進|甘泉|甘肅|甲寅|留守|番|癸丑|癸未|白水|益門鎮|真定|石首|碩額|福陵|科爾沁|科鄉試|秦州|秦省|秦隴|立三|糧道|紫陽路|統恰塔|統賴塔|統鄂泰|統領|統馬哈達|經略|綠旗|綽爾濟|總兵|總理|總督|翰林院|考官|耿精忠|興安鎮屬|花善|茅麓|荊|荊岳|荊州|莽奕祿|華色|董額|蒙古|蒲城|蔡毓榮|蔡璋|蘭州|衡州|衢州|袁州|襄陽|襲職|西安|西寧|西湖|西陲|諭靖逆將|諸王|講官|議政王|護軍統|貝勒|貝勒察尼請|貝勒貝子|贛|贛州|軍侯|軍法|辛酉|通城|通政使|遊擊|達哈|郎中|郡主|郡王|都司|都尉|都昌|都督|鄂木布弟|鄂穆布|鄉試|鄖|醴陵|鎮標|閿|關靖|阿喀尼|阿密達|阿思哈|阿玉席|阿達|陜|陽之華村|靈寶|靜寧州|鞏昌|鞏華城|韋州|韓城|駐防|魯侍衛|鳳縣|龍泉,310
1676,丁亥|七月|三月|丙辰|乍浦|乙亥|乙卯|乙酉|九月|九江|二十三日|二十二日|二十日|二月|五月|仙居|仙霞|佛尼勒|佟國瑤|侍衛|侍講|侯張勇|偽總兵|偽遊擊|僉事|元旦|兩喀喇沁|八旗|八月|公|公圖海|六月|兵員外|兵部|冀州|刑部|初六|前明|副將|劉成龍|功次|北山|十一月|十九日|十二日|十二月|十六年|十六日|十月|南安|南康|南漳|南苑|卜臣|卿|參將|參議|參領|台吉|吉安|同知|吏部|吳三桂|吳淑|周昌|哈岱|哈爾哈齊|哈番|喇布|四月|固原|圖海|土司|土默特|堂子|塞白理|墨爾根|壬午|壬子|外委|大噶爾馬席|大學士|大將|天津|太僕寺|太子|太廟|太皇太后|夸蘭大|學士|守備|安徽|官馬雲程|實錄|將軍佛尼勒|將軍舒恕|將軍華善|將軍賴塔|少保|尚之孝|尚可喜|尚善|尼哈番|尼果賴|岳州|岳鎮邦|巡撫|左侍郎|己卯|己酉|布政使|席卜臣|席喇布|常山|干縣|平凉|平南王|平涼|庚戌|庚辰|庫勒納|康熙|廣東|廣西|建昌|張勇|思赫領|戊申|承郡王|按察使|提督|敖漢柰曼|新城|昭陵|時憲|朔|朔日|朝鮮國王|李之芳|李吉為|李廷獻|李林隆|李琿|杭愛花善|林科|楊捷|楊茂勳|權大運|正月|殷自伏|每佐領|永陵|汗|江南|江寧|江浙|江西|池州|沅|沙一應|沙湖|河南|洞庭|浙江|浦城|浮梁|海澄公|淮揚|渠陳茂生|湖南|湖口|滿兵|滿洲|滿漢|潮州|營參將|猓|王|王傑|王克|王其|王喇布|王嚴|王國柱|王實|王岳樂|王爵|王篤守|王輔臣|王進|瑞州|甲寅|甲申|癸丑|癸亥年|癸未|白可愛等|直隸|督捕|知府|石調聲|福善君|福建|福陵|秦州|穆哈|穆王|章京|第夸蘭|筆帖式|粵西|統古魯|統恰塔|統領|統馬哈達|綠旗|總兵|總督|纂修|羌|翁牛特|翰林院|耿精忠|聶勒庫|舒林橋|芳度|董額|蒙古|蔡隆|薛柱|藩院|西河|調綠旗|諸王|諾木齊|講官|護軍統|象山|貝勒|貝勒貝子|貴州|贛州|趙賴|軍侯|軍務大將|軍耿繼善|軍貝子|辛亥|辛巳|通渭|進寶振|遊擊|遊擊銜|郎中|郎拉篤祜|郡王|部落|都司|都督|鄂爾多|鄂羅斯察漢汗|鄔爾徹|鄖江|鄖陽|金山|金應|閩|閩寇|阿席熙|陜|隴州|靳輔|鞏總兵|鞏華城|韓世琦|額楚|饒南|駐防|鮮國王|鳳凰山,280
1677,丁丑|丁巳|丁未|七月|三月|三月初|丙午|丙子|丞陳貞為|乙亥|乙巳|九月|二十一日|二十六日|二月|五月|伯|伯辛愈|佐領|侍衛費耀色|侍郎|依圖|侯桑格|保寧|偽總兵|傅弘烈|元旦|光澤山寇|光祿|內閣|兩粵|八旗|八月|公圖海|六月|兵部|兼禮部|冠軍使|刑部|初八|北山|十一月|十七年|十九日|十二月|十六年|十四年|十月|南安|南昌|南門|南雄|卿|參贊|參領布|右侍郎|司僉事|司通政|合浦|吉安|吏部|吳挺緯|吳興祚|吳達|哈番|喬斌|四川|四月|固山|城守|堂子|壬寅|外藩|多諾統|大學士|大將|太僕寺|太廟|太皇太后|孔四貞|孔子|孫延齡|學士|安溪|安遠|官麻勒吉|實錄|將軍佛尼勒|將軍多羅貝勒|將軍穆|將軍莽|將軍鄂|少詹事|尚之信|尚善|尚書|尼哈番|山西|岳州|巡撫|工部|左侍郎|己卯|己酉|巴泰|布政使|平南王|康熙|廣東|廣肇南韶惠潮|廣西|弘烈|張友良|徐化|慕天顏|戊寅|戊申|成格|戶口|戶部|托賴|承郡王|投誠總兵|按察使|提督|揚威大將|故鎮國|文福|新城|施廷宇|明|明珠|昭陵|時憲|曹申|朔|朝鮮國王|朱寅|李本深|李鈺|杜臻|杭奇|林蕙|正月|正紅旗|正藍旗|正黃旗|武昌|武默納|每佐領|永陵|江口|江夏|江西|泉州|洛河|湖南|湖廣|湖廣廣東|湖廣所|湘潭|溫齊|滿兵|滿洲|滿洲兵|王|王傑|王同|王喇布|王岳樂|甲戌|甲辰|畝徵銀|癸卯|癸酉|白山|監候|直隸|督捕|知縣|碩格色|福建|福陵|穆哈|穆舒為|統杭奇|統楊鳳翔|統赫|統轄官|統領|綠旗|綠旗兵|縣君婿|縣城|縣衛|總兵|總督|總督郎廷|舒恕|舒泰|荊州|蒙古|薛起|薛起龍|袁州|襲職|西安|西爾圖|覺羅|覺羅碩博會|覺羅舒恕|許貞|詹事|詹事府|諸王|議政王|貝勒|貝勒貝子|貝子|貴州|贛州|軍公圖海|軍希爾根|辛亥|通政使|進春|達哈|達賴|郎中|郡主|郭岱|都察院|都御史|都督|金世爵|阿思哈|阿爾素|陜|鞏華城|韓城|韶州|項景|額楚|麾使,244
1678,丁丑|丁卯|丁酉|七月|三品|三月|丙寅|中山|九月|九月初|九貴山|二十一日|二十六日|二月|五月|京口|付賴塔|伊桑阿|佛永輝|佟國楨|侍衛大學士|侍讀|依圖|侯張勇|倉嶺|倭|傅喇塔|傅弘烈|傑書|僧額|元旦|內閣|兩廣|八旗|八月|公噶布|公爵|六月|兵部|初二|劉應祥|劉進忠|勒爾錦|十一月|十七年|十二月|十八年|十六日|十月|千總侯朝|南京|南贛|南雄|參將|參贊|參領|台吉|右侍郎|司僉事|吉安|君山|吳三桂|吳逆|吳雅氏|哲爾肯|喇哈達|噶爾丹|四月|固山|城守營|堂子|堯|墨爾根|士標|壬寅|壬申|多羅|多羅溫|大學士|大宛|大將|天嶺|太保|太子|太廟|太皇太后|奉恩將|孝陵|孫延齡|學士|學士寧南|學政|安仁|安徽|安溪|安遠|宗人府|宗室|官拉篤祜|官麻勒吉|官黃芳|宜昌|實錄|將軍傅|將軍多羅順|將軍林|將軍穆|將軍總督|將軍職|將軍舒恕|將軍莽|將軍華善|將軍貝勒|將軍賴|將軍賴塔|尚之信|尚善|尚書|尼哈番|山海|岳州|巡撫|工部|己亥|己巳|巴圖|布政使|希福學士|常寺卿|常德|平南王|平和|庚午|庚子|庫祿克|康熙|廣東|廣西|弘烈|弟黃芳|弟黃芳度|彝陵|惠州|戊午|戊戌|戊辰|戰林興珠|戶口|房縣|扁山|承郡王|拜色|指揮|按察使|提標|提標後營|提督|提調|揚威大將|攸縣|旨馬雄|昭陵|時憲|朔|朝鮮國王|朱永升|朱爾札哈|李光地|李懋珠|李榮|李沉|李鈺同|東橋|柳林|梧州|楚|楚勒貝|正月|正黃旗|武榮|每佐領|永興|永陵|汗|江寧將|江東橋|江西|沅|沙奏言|河套|沿九貴山|泉州|洞庭湖|浙江|海澄|海澄公|海澄如|湖北|湖南|湖廣|滿兵|滿洲|滿漢|漕帥|漢軍兵|漳州|漳平|漳泉門戶|漳潮間|潮州|潮陽|澧州|王|王傑|王傑書|王其|王可臣|王喇布|王國棟|王實|王岳樂|王昶|王科|王速|王量|田六善|甲戌|甲辰|畝徵銀|番|癸酉|發額楚|盧氏端|目永柱|督撫|知縣|石碼|碩額|碭山縣|祖巡撫|祖澤清|福建|福陵|科爾沁|穆占|筆帖式|粵西|納爾台|統伯穆赫林|統岳爾多|統領|綠旗|綠旗兵|維國署|縣城|總兵|總河|總督|總督郎廷|翰林院|耿昭忠|耿精忠|興化鎮|興珠|芳世|芳泰|茶陵|荊州|莽依圖|萬春來|葉映|董得榮|蒙古|蔡寅|蔡毓榮|蕭縣|薊州城|薩海|藩王|蘇爾特|衡州|衢州|裴為|襄武|西海|親王|覺羅塔|覺羅舒恕|詹事|調綠旗|諸王|諸番|議政王|貝勒|貝勒貝子|貝子|賴塔|贛州|赫納|趙賴|軍喇哈達|軍法|軍統領|軍華善|軍賴塔|軍額楚|辛丑|辛未|通事|遊擊|達爾漢|邱義尚|郊祀|郎中|郡王|部尚書|郴州|郴永|都察院|都御史|都督|酃|金山|鈕氏|鑲紅旗|閩|閩中|閩省|阿密達|阿思哈|阿賚|陜|雅塔|靖南王|靳輔|韓大任|韶州|領侍衛內|領塔爾代|額楚|顏保|香爐峽|駙華善|高州|高翼辰|麻勒吉|齊爾圖,347
1679,丁卯|丁酉|七月|三月|丙寅|丙申|丞馬汝驥|乙丑|乙未|九卿|九月|二月|五月|京|今噶爾丹|任庶|伸陸|佘艷雪|作舟|侍衛費耀色|侍郎|侗范|依圖|侯爵|保定|修撰|修方|倪燦|傅弘烈|元旦|兄黃芳度|光祿|內閣|全椒|八旗|八月|公圖納|公爵|六月|兵部|兼禮部|副將|劉國軒|劉果|包衣|十一月|十九年|十二月|十八年|十月|南巡|卿|厄爾德尼|厄魯特|參領勒德禮|台吉|史馬緝為|右侍郎|司官|吉士|吏部|吳世琮|吳任|吳元龍|吳氏|吳遠|吳震方|周卜世|周慶|周橋閘|嚴繩|四品|四川|四月|圖爾|地爾達|執信|堂子|堅李|墨爾根|壬戌|壬辰|外郎|多爾濟子|大學士|大將|大理寺|太僕寺|太廟|太皇太后|姚啟|孔子|孝陵|孫俱著|學士|安徽|宋敏求|宗人府|官實授|實錄|將軍副都統|將軍多羅貝勒察尼疏|將軍賴|少卿|尼哈番|山西|山陽寶應|岳州|峨趙賴|崔如岳|崔蔚林|巡撫|工部|左侍郎|左江|左翼|己未|巴拉|巴達里|常寺卿|常德|庚子|庚申|庫勒納|康熙|廣西|張光豸|張克嶷|張廷瓚|張朝珍|張烈|張雲翼|張鴻烈|彭孫|徐元文|得安|御史|必英|思丁|戶口|戶部|承祜|按察使|振肅|掌院|提督|教習|文魁|新寧|方象瑛|施閏章|明代|明珠|昭陵|時憲|暐|曹宜溥|曹氏|曹禾|月令|朔|朝鮮國王|木嶺|朱彝尊|李來|李天浴|李孚青|李澄中|東安縣|柳城|桂柳|梁弓|梧州|楊大鶴|楊茂勳|楊雍|歙縣|正月|正紅旗|正藍旗|武岡|武平侯|歸允肅|殷氏|毛升芳|毛奇齡|永州|永陵|汀州|江南|江欽|江氏|江都|汪晉|汪楫|汪琬|沅州|沈珩|沈筠|河北|河南|河臣|河西|海澄公|淮揚|淮河|清原|清口|湖南|湖廣|湯斌|溫氏|滁州|滿洲|滿漢|滿漢大學士|漳二郡|漳州|潘季|潘應|潮州|王|王傑|王其|王喇布|王沛|甲午|甲子|畝徵銀|癸亥|癸巳|白旗|盛京|盧熙|盱眙|督撫|知府|祭祀|福建|福陵|科爾沁|科道|科道官|秦|秦宗游田|筆帖式|米漢雯|統領|綏遠|綏遠將|綠旗|維崧|編修|總兵|總兵陳昌林|總督|纂修|翟家壩|翰林|翰林院|臣陳鴻績|舉博學鴻儒|范承勳|范齊|荊州|莊延裕|萊|葉穆濟|蒙古|蔡毓榮|藍旗|藩王|藩院|虞察尼|融縣|袁佑|西洋|親王|親試|許督|許督撫|詹事|詹事府|諸王|議政王|護軍統|護軍統領|貝勒|貝勒察尼|貝勒貝子|賴塔|起居注|軍機|軍法|軍賴塔|辛卯|辰溪|進士|遊擊|運河|邱象|郎中|部落|都察院|都御史|都統|鄖陽|金甫|鎮國將|鎮遠|阿思哈|陜|陸祖|雲貴|雲貴督撫|靖州|靳輔|馮勗|體仁閣|高郵|黎騫|龍燮|龍關|龐,324
1680,丁亥|丁巳|七月|三月|三法司|丙戌|丙辰|丞金鼐|中城|之璋|乙卯|乙酉|九卿|九月|二月|五城|五月|京師|今春|伯宜|伯爵|侍衛|侍講|侍讀|侍郎|侯官|保寧|俞三畏|元旦|內閣|八月|六月|六格|六部|兵部|典籍|兼佐領|刑部|初八|初六|劉嘉猷|劉祖漢|勒爾錦貝子|十一月|十九年|十二日|十二月|十八年|十八日|十六日|十月|南寧|南巡|南江|南澳|卿|參領|右侍郎|司僉事|司坊|同知|吏部|吳丹|吳萬福|哈納|哲爾肯|嘉祥|嚴弘|嚴弘身|四川|四日|四月|固原|固山|國子監|國棟|圖勒德洪|圜丘|地方官|堂子|壬戌|外藩|大學士|大將|太僕寺|太子|太廟|太皇太后|姚啟|孔子|學士|守備|安安|安岳|宗人府|官役|官林本|官麻勒吉|定海|宜昌|宜都|實錄|將祖澤清|將軍勒貝|將軍吳丹|將軍多羅貝勒察尼|將軍總督|尚之信|尚書|尚書介山|尚書喀代|尤溪|尼哈番|山東|山西太原|崔蔚林|巡捕|巡撫|工部|工部侍郎|左侍郎|左營|己丑|己未|巴代|希福|平凉|平南王|平海|平湖|庚寅|庚申|庫勒納|庫禮|康熙|廈門浯嶼|廣東|廣總督|廣西|建威|建寧府|彝陵|彭時|彭總兵|徐治|御史|思古|慕哈速|戊午|戊子|成都|戶部|扎薩克圖|承郡王|按察使|提督|提鎮|撥什庫|新寧|明|明珠|昭化|昭陵|時憲|朔|朝鮮國王|李之芳|李塤|李天馥|李英妻|李觀|杜立德|東鄉|柳州|桂林|楊來|楊宗道|楊茂勳|楊起隆|正月|正藍旗|正黃旗|歸忠貞|歸應|每佐領|永州|永陵|汗|江南|江西|沈荃|沙喇哈番|洪之傑|浙江|海壇|清河|湖南|準達|滿兵|滿洲|滿漢|滿漢兵|漢軍副都統|爵|王|王之儀|王之鼎|王璋|王進|王鴻緒|理藩|甲寅|甲申|畢泰拜|番|癸丑|癸巳|白旗|盛京|盧揚|督撫|知府|知縣|祖澤清|祖良|祭酒|福寧|福州|福建|福陵|章泰|給事|綏遠|綠旗|縣城|總兵|總督|胡昇猷|至劍州|良棟|荊州|葉方藹|董訥|蒙古|蒼溪縣|蔡毓榮|蔣氏|藍旗|藩下|藩院|行總督|襲職|覺羅沙賴|詹事|詹事格爾古德|諸王|議政王|護軍統領|貝勒貝子|貝子|貴州|赫德|軍圖海|軍機|軍貝子|軍門|軍餉|辛卯|辛酉|送京師|遊擊|達州|達賴|遵義|郎中|都司|都察院|都督|鄂七爾羅奇|鄂克濟|鄭得勝|重慶|金門|銅山|閩省|關南道|阿席熙|阿思哈|阿濟力|阿達|陜|陸海澄|雲貴|靳輔|馮溥|駐守將|高州|黔,298
1681,丁丑|丁亥|丁巳|七年|七月|七里|三品|三月|三河|丙辰|主事|乙卯|乙酉|九卿|九月|二十二日|二月|五月|五龍縣|京佐領|伯噶|佘艷雪莊|作舟|侍衛|侍郎|保定|修撰|允肅|元旦|內務府|八月|六月|兵部|刑部|初五|劉始|十一月|十七年|十九日|十二月|十月|南綏遠|南苑|卿|參領|右侍郎|合江|吉士|同年|同知|吏部|吳世|吳逢|吳震方|周卜世|周應鳳|哈久|哈納|哈里|啟隆|四川|四月|固原|固山|執信|堂子|壬午|壬子|壬戌|多索|大學士|大將|太僕寺|太和|太子|太廟|太皇太后|奉國將|孔子|孝陵|孫卓|孫蕙|學士|安仁|安南|安州|實錄|將軍佛尼勒|將軍總督|將軍鄂克濟|少保|尚書|尚書塞色|尼哈番|山西|巡撫|左侍郎|己卯|己酉|平遠|平遠府|庚戌|庚辰|康熙|廣總督|廣西|延裕|建威|建昌|引見|張光豸|張克嶷|張廷瓚|張所元|張足法|徐元文|徭役|德成|恩克|懷縣|成都|戶部|承祜|掌院|提督|教習|文安|新興|施琅|昭陵|普安|暐|曹鑑|朔|朔日|朝鮮國王|李師膺|李常輔|李發|杜立德|杜臻|東郊|桐梓|桑峨|楊大鶴|楊應|楊雍|楊雍建|檢討|正月|正黃旗漢|每佐領|永寧|永清|永陵|汗|江南|江西|江貝子|汪晉|沈一揆|沈朝初|河西|海德|滇|滇境|滿漢|潘應賓|澎湖|王|王博果|王常寧|王沛思|王繼貞|王隆禧|王麟|田六善|田需|甲寅|甲申|畢至仁|癸丑|癸未|白旗|盤江|盧熙|直隸|督捕|知縣|福建|福陵|科爾坤|科道|章泰|紅門|納溪江|統達漢泰|編修|縣夏店|總兵|總督|總管|翰林院|考官|耿昭忠|耿聚忠|耿飛|胡國柱|良棟|葉方藹|董宜斯噶卜|蒙古|蔡毓榮|薊州|藩王|藩院|行取|裴俱著|西莊浪|親王|親黨|覺羅塔|覺羅塔達|覺羅沙賴|言官|詹事|諡號|諸王|講官|護國將|貝勒貝子|貝子|貴州|貴陽|軍夏國|辛亥|辛巳|辛酉|通州|遊擊|達賴|郡王|都察院|都御史|都督|鄂克濟|鄂愷疏|鄉試|酉|金壽興|鐵索橋|阿思哈|阿穆瑚朗|陜|雲南|靳輔|順治|顧藻|香河|騎校,260
1682,丁丑|丁未|七月|三十日|三屯|三旗|三月|三班|世祖|丙午|丙子|丹津|乙亥|乙巳|九卿|九月|二十七日|二十二年|二十六日|二月|五月|京口|以科爾沁|伯爾赫|佟國卿|侍衛|侍衛伯爾赫|侍讀|侍郎|供奉|保寧|保舉|傅臘塔|元旦|光祿|內閣|八旗|八月|六月|兵部|其佐領|典章|分巡|刑部|初一|十一月|十二月|十月|午門|南道|博碩克圖|卿|厄魯特|參贊|台吉|史護衛|右侍郎|司官|吏部|吳逆|周岱生|哈喇|嘉定|噶爾齊|嚴道|四川|四月|固山|圖納|地方官|堂子|壬子|壬戌|外藩|大學士|太和|太宗|太廟|太皇太后|太祖|妻孫氏|孔子|學士|學士禧|學士陳廷敬|宗人府|宗室|實錄|將軍|將軍林|尚書|尼哈番|山海|峨眉|巡徽寧道|巡撫|工部|左侍郎|己卯|己酉|巴克|巴海|布政使|平凉|庚戌|庚辰|康熙|廣東|廣西|張德地|張秉彝|張英|應奎|戊寅|戊申|成都|成都王|戶口|扎薩克|按察使|掌院|提督|撫寧縣|故多羅貝勒|明|昭陵|時憲|朔|杭|東道|東道羅定|松花江|枷號|桂平|梁鼎|正月|正紅旗|正黃旗|永平|永陵|汗|江南|江右|江西|沙喇哈番|沙津|河西|洱海|浙江|海子|湖南|湖東道|湖西|滇|滿兵|滿洲|滿漢|漢莊|烏喇|烏喇等|燕代|爵|王|王喇布|王弘祚|王熙|王用予|王進|理藩|瓊州|甲戌|甲辰|畝徵銀|番|癸卯|癸酉|白旗|盛京|知縣|福建|福陵|科爾沁|科臣|科道|科道官|章京|章進|糧道|總兵|纂修|翰林院|職方|臨元道|臬|良棟|茂臻|蒙古|蒼梧|藩王|蘇赫臣|蘭州|螺子山|襲爵|西分守|西岷州|西平|詹事|詹事府|諭戶部|諸王|諾敏|講官|豐潤縣|貝勒|貝勒沙津|貝勒貝子|貝子|貢士|貴州|貴陽|軍機|道鬱林道|遼河|郎中|都察院|都御史|鄂木布|金世鑑|金德嘉|金鼐|鎮標|鎮遠|鑲黃旗|關南道|關西道|陜|雲南|鞏昌|領侍衛內|額爾克|顧爾瑪|鮮國王|黔|齋薩泰沙禮,244
1683,丁卯|丁酉|七月|三屯|三月|丹巴|九卿|九月|乾清宮|二十三年|二十二年|二十二日|二月|五月|五龍亭|京|京城|京師|伊桑阿|佐領|侍讀|侍郎|信安鎮|傅臘塔|元旦|內閣|八旗|八月|公|六月|兵部|兼禮部|刑部|劉國軒|北山|北鎮里|十一月|十九年|十二月|十八日|十六日|十月|千總王|南苑|博碩克|卿|厄魯特噶爾丹|參領|台吉|右侍郎|吏部|吳三畏|吳喇忒鎮國|吳泗徐|吳熙|吳英|周勝驤|哈爾山|喀爾圖|噶爾漢|四川|四月|固山|地方官|堂子|堯|壬寅|壬申|夔|多羅|多羅貝勒松|多羅達爾漢貝勒|大同|大學士|天命|天津|太原|太和|太子河|太廟|太皇太后|奉天|如松|姚啟|學士|安徽|官林賢|實錄|將軍|尚書|尼哈番|山東|山西|峪口|巡撫|巡撫格爾|工部|左侍郎|左朝極|左翼|己亥|己巳|巴為|布政使|布永興|庚午|庚子|府尹|康熙|廈門|廣總督|建昌|張仲舉|張家口|張斌|張玉書|戊戌|戊辰|成都|戶部|房縣|指揮|按察使|提督|故滿洲|教諭|文選司|施琅|明|明珠|昭陵|時憲|朔|朝鮮國王|朱天貴|朱必勝|柯永|栗家口|楊向|楊德|正月|正紅旗|正紅旗漢|武營|歸化城|殷副都統|每佐領|永寧|永陵|江南|江寧|沈誠等|浙江|海逆|渾河|湖南|湖廣|湖都克土|溫州|滿州|滿洲|滿漢|漢中|漢中關|漳州|潘上|澎湖|濮州|煥文|玉泉山|王定|王珍|甲戌|甲辰|畢禮袞|癸亥|癸卯|癸酉|白廟|白旗|白水|監候|直隸|知事|福建|福陵|科爾沁|科道|秦省|穆爾賽|立决|管領|籠嶼|納魯河|納魯窩濟|紫光|統莽奕祿|經筵|縣典史|總兵|總河|總陳永祿|翁牛特|翰林院|胡土克圖|胡拉禪|興化|舜|良棟|苑家口|荊州|蒙古|蕭家渡|藍理|藩王|藩院|蘇子河|蘇海|衛使|西安|詹事|詹事府|諸王|講官|講筵|議政王|護軍統|貝勒貝子|起居注|辛丑|辛未|遊擊|達賴|遵化|邱縣|郡王|都御史|都督|金錫冑|鑲紅旗漢|阿喇尼奏|阿思哈|阿魯諸地|陜|陵遣官|雲南|雲南鶴麗|霸州|靳輔|領伯|額星格|駐防|騎校|高爾位|魏明,255
1684,一品|一月|丁卯|丁酉|七月|三旗|三月|世祖|丙寅|丙申|乙丑|乙未|九卿|九月|乾清宮|二十三年|二十四年|二月|五月|今之督撫|今薩布素|伊桑阿|伊爾格圖|伊白里|佐領|佟氏|侍衛|侍講|侍讀|侍郎|保和殿|元旦|內鄉|內閣|八旗|八月|公|六月|兵部|兼禮部|刑部|則例|劉國軒|包衣|十一月|十二月|十月|南唐|南苑|南陽府|博格|卿|厄魯特|及察哈爾|句容|台吉|右侍郎|司官|司通政|同知|吏部|吳興|哈納扎|四月|固山|圖爾|土默特|堂子|壬戌|壬辰|外藩|大同|大學士|天津|太保|太僕寺|太和|太子|太師|太廟|太皇太后|奉天|如梅|妻莽氏|妻關|孔子|孫權|孫線柱|孫蕙|學士|學士席爾達|宇政妻|安徽|官赫倍|宣德|實錄|少詹嚴|尚書|尚書介山|尼哈番|居正|屈盡美|巡撫|左侍郎|己亥|巴圖|巴林|布政使|庚白|康熙|廣總督|廣西|建業|建極殿|張自德|張長|徐乾學|御史|應天|應藻|戊戌|戊辰|成龍|戶部|扎魯特|按察使|捐納人員|敖漢喀爾|新野|施琅|明太祖|明珠|昭陵|時憲|時薩布素|晉代|有明|朔|朝鮮國王|朱穆秦|李時謙|李氏|李花村|杜爾伯特|杭州|東晉|梁陳地|正月|正黃旗|歸化城|永陵|江南|江寧將|江西|河南|河間|浙江|淅川|湖廣|滿洲|滿漢大學士|漢軍都統|燕京|牛鈕|玉河|王國安|王新命|王貝勒貝子|王起|甲午|甲子|畿輔|癸亥|癸巳|白下|白旗|督撫|知縣|福建|福陵|禹|科爾沁|科道|穆哈|統領|縣官|縣長|總兵|總督|總督江寧|翁牛特|翰林院|胡什他|胡簡敬|舉人|苑家口|荊|蒙古|藍旗|藩王|藩院|衛輝府|襲職|西安|詹事|詹事府|諸王|講官|議政王|貝勒貝子|貝子|貢監|貴州|賈懋遷|賈漢|賴特|赫納為|軍統領|辛卯|辛未|辛酉|通判|通州|通政使|進士|那木僧|邱縣|郎中|郡主|部尚書|部落|郭爾羅斯四子|都御史|都統|鄧州|里昂|金陵|鎮平|鑲黃旗|開海|開海貿易|閩粵兵|閩粵邊|闖賊|阿喇尼|阿思哈|陜|陣亡例|隋唐|霸州|靖難|韓世琦|韓氏|領侍衛內|鳳闕,255
1685,一月|丁亥|丁巳|七品|七月|三旗|三月|上駟院|世職|中書|中書令|乙丑|乙卯|乙酉|九卿|九月|二十九日|二十五年|二十四年|二月|五月|仇兆鰲|任玥|任辰旦|伊桑阿|伊瑪圖|何傅|佛倫學士|來甫|侍衛|侍讀|侍郎|保和殿|俞長|元旦|光祿寺|內閣|八旗|八月|公額|六月|兵部|刑部|劉偉孫|劉坤梅|劉涵|十一月|十二月|十月|南巡|博士|博洛|台吉|台州|右侍郎|司官|吉士|同知|吏部|吳之瑜|周至|哈納|唐朝|喀爾喀七旗|喀爾喀四子|喇哈達|四川|四月|固山|土默特|堂子|堂官|塞外|壬戌|壬辰|外藩|多羅|大學士|大學士者|太原|太和|太常寺|太廟|太皇太后|孔子|孔廟|學士|學士馬|宋大業|宋如辰|宋衡|宗人府|察罕|實錄|尚書|尼哈番|山東|山西|崔澄為|崔蔚|巡撫|左侍郎|己丑|己未|布政使|布阿霸|庚寅|庚申|康熙|廣東肇慶府|張希良|張明|張盈|徐元正|徐承祖|徐紹|御史|恩克|戊午|戊子|成龍|戶口|戶部|扎魯特|提督|揚州|敖漢|昭陵|時憲|晉撫|書吏|朔|朔日|朝鮮國王|朱穆秦|李之芳|李懋|李朝鼎|李殿|杜和碩|杜爾伯|校克禮|楚克扎卜子|樊澤達|正月|正紅旗|正黃旗|歸化城|毛城|永陵|汗|江南|江西|汪灝|汪薇|沈辰垣|河南|洪澤湖|浙江|淮安|淮水|清明|清河|湖北|滿洲|漕廣西道|火耗|牛鈕|王|王之樞|王岳樂|王氏|王熙|王福|王貝勒貝子|甲子|白洋|白鹿洞|直隸|福陵|科爾沁|科爾沁十旗|科爾沁扎賴|科道|穆爾賽|筆帖式|結案|統喇哈達|統領|總河|纂修|翁牛特|翰林院|聖壽節|胡土克圖|蒙古|藩司|藩王|藩院|許承家|許賀來|詹事|諸王|謝陳常|議政王|貝勒貝子|貝子|貢例|賦役|軍統領|辛卯|辛酉|進春|達哈|郡王|部落|郭爾羅斯蒿|都察院|都御史|鄧咸齊|鄭為旭|醫官|錢珏|鑲紅旗|鑲黃旗|闕里|阿壩|阿思哈|隆德|雲南|靳輔|順治|額林臣|馮瑞|駱馬湖|高曜|黑龍江|龔圖,238
1686,七月|三旗|三月|三法司|世永王琨|世職|丙寅|丙戌|丙辰|丞|丹巴|丹津|乙卯|乙酉|九月|二十三年|二十五年|二十六年|二十四年|二月|五月|以喀爾喀七旗|例免|侍衛|侍講|侍讀|侍郎|保住|保舉|元年|元旦|光祿|內務府|內府|內閣|八旗|八月|公|公頗爾盆|六月|兵部|兼禮部|刑部|十一月|十七年|十二月|十八年|十月|卓特拔|南巡|博洛|即爾七旗|卿|厄爾克|參議成|參贊|古北口|台吉|右侍郎|司獄|司都事|同知|吏部|吳喇忒鎮國|哈番|哈里|喀爾喀七旗|喇希等|噶爾丹|噶爾旦|四川|四月|固原|圖汗澤卜尊|圖綽爾濟|土謝|土默特|地丁|堂子|墨爾根|墨爾根濟|壬午|壬子|夏店|外藩|外諾木齊|大喇嘛|大學士|大計|太保|太和|太子|太廟|太皇太后|妻顧氏|子費葉|學士|安南|官役|實錄|將托鼐|將軍希福|尚書|尹泰|尼哈番|巡撫|工部|左侍郎|左翼|巴忒馬|巴牙思|布政使|布格|希禮|常寺卿|平乃爾|平凉|庚戌|庚辰|庫勒納|康熙|廈門|廣東|張可前|張氏|往爾汗濟農|徐元|徐元文|徐廷璽|御史|德木齊|徽盧鳳三府|戊午|成龍|戴通|戴青處|戶口|所遣噶爾丹|扎木素|扎薩克|扎薩克圖|扎賴特|扎魯特|按察使|掌印|掌院|日講|昭陵|時憲|朔|朝鮮國王|木齊格|木齊格隆|杜爾伯特|杜爾霸|格隆員|格隆員外|條奏|楚克|正月|歸化城|永陵|汗|汗濟農|江南|沙喇哈番|沙澄|河南|浙江|湖北|湖南|湖廣興國|滿洲|滿洲漢|漢軍武景芳妻|照磨|特旨|玉泉山|王|王定國|王日藻|王緝植|王鎬|甲寅|甲申|番|癸丑|癸未|白旗|監督員|直隸|知事|碩額|祥生|福建|福陵|科爾沁|程萬坦|糧廳|經歷|總督|總管|總裁官|纂修|翰林院|考試|聖壽節|胡土克圖|胡戴仁|胡枚|胡枚念|臨洮府|色爾濟格|范時秀|董訥|蒙古|薊州|藩王|藩院|西勒圖|西安|親試|覺羅氏|許堂|詹事|詹事府|諸王|貝勒貝子|賴塔長|起居注|車臣|輪班|辛亥|辛巳|通判|通山|通政使|達爾扎格|達爾漢格|達爾瑪|達賴|郎中|郭爾羅斯奈曼|都司|都察院|都御史|鄂木布|鄂爾多|鄭載|鄭載嵩|阿喇尼|阿喇尼因|阿山|阿思哈|阿海|阿爾必|阿達|陜|隆員外|靈璧縣|鞏昌府|額爾克濟|額爾德尼濟|顏圖|駐防|駙耿昭忠|高璜|鮮國|黎維禎,269
1687,丁丑|丁卯|丁未|七月|三月|丙午|丙子|主事|乙亥|乙巳|九卿|九月|乾清門|二十七年|二十六年|二月|五月|伯費揚|余國柱|侍衛|侍講|侍讀|侍郎|保住|元旦|內閣|八旗|八月|兵部|兼禮部|凱音布|刑部|副將|十二月|十月|參將|台吉|右侍郎|司官|司通政|吏部|吳氏|噶世圖|四月|堂子|墨爾根|壬午|大學士|天壇|太和|太廟|太皇太后|姚亭莊|孔子|學士|安徽|官員丁憂|官調|實錄|尚書|山西|巡撫田雯|巡撫馬齊|工部|左侍郎|己卯|己酉|巴克|巴林|布政使|布達禮|常寺卿|庚戌|庚辰|康熙|廣西|徐乾學|恩格|慈寧宮|戊寅|戊申|戶口|戶部|按察使|文魁|旗漢|日講|昭陵|時憲|暢春園|朔|朝鮮國王|木噶山|李之芳|李振裕|枷號|楚克|正月|武格|比部|永陵|江南|江蘇|淑慧|滿洲|火耗|烏楞額|王|王遵訓|甘肅|甲辰|白旗|盛京|盧崇興|督捕|知縣|福建|福陵|穆禮布|立决|統阿密|翁叔元|翰林院|考例|考官|聖壽節|胡西塔|莊廣開|蒙古|蔡毓榮|藩王|藩院|襲爵|覺羅舜拜|試官|諸王|護軍參領|豐潤縣|貝勒貝子|貴州|起居注|辛亥|通政使|進士|郊壇|郎中|都察院|都御史|鑲黃旗|陜|雲南|黑龍江,152
1688,一月|丁思孔|七月|三屯|丙子|丞|丹巴|丹津|乙亥|乙巳|九月|二十七年|二十八年|二十四日|二月|今噶爾丹|以科爾沁|伯費揚|佟國佐|佟國維|侍衛|侍讀|侍郎|元旦|內閣|兩司|八旗|八月|六月|兵部|兼禮部|刑部|努失|十一月|十二月|十四日|十月|南苑|卿|厄爾德尼沼|參領|台吉|右侍郎|司官|吉士|同知|吏部|喀爾喀人|喀爾喀人眾|喀爾喀所告|噶爾丹|噶爾圖|噶爾旦|四川|固山|圖克森|圖汗|土謝|堂官|壬寅|壬申|多爾濟|大同|大理寺|太僕寺|太子|太廟|太皇太后|學士|宗人府|宣府|宮保銜|實錄|將弁|將林葵|將軍希福為|少卿|尚書|山海|巡撫|巡撫章|左侍郎|左翼|己亥|己巳|巴林|巴爾丹|布政使|布雅努|常寺卿|平溪|庚午|庚子|庫勒納|康熙|張玉書|彭孫|彭春|徐治|御史|德安|慈寧宮|慕天顏|應城縣|戊戌|戊辰|成龍|戶部|扎卜|扎薩克圖|扎魯特|按察使|掌院|提督|教習|文達|明|星安為|昭陵|時憲|朔|李廷松|楊氏|正月|正紅旗|武昌|歸化城|每佐領|永陵|汗|江南|沙河|河南|浙江|湖廣|溫卜|溫春|滇南|滿洲|漕運|澤卜尊|熊賜|燕泰為|爵|獨斯諾爾|王岳樂|王延齡|王承祖|王維珍|理藩|甲辰|癸|癸卯|白旗|盛京|直隸|真定|知縣|石文桂丁父|福陵|私參之例|科爾沁|穆祿|章京|索爾遜|統帥|統邁圖|總一員|總兵|總督|翰林院|胡土克圖|臧滾布|自杭愛山|臬|至噶爾丹|興化|范承勳|荊州|蒙古|藍理|蘆溝|西安|西海|設站|諭旨|諸王|諾敏|貝子|貴州|辛丑|辛未|通州|通政|遇達賴|達爾泰令|達里|邊塞|邊汛|郡王|部|部堂|郭世隆|郭之盈|都察院|都御史|都統|鄂博|里昂|阿喇尼|阿爾法|陜|雲南|雲南鶴慶|靳輔|鮑敬,216
1689,一月|丁卯|丁酉|七月|七里|三月|三河|上元縣|世襲|丙寅|丙申|中山王|乙丑|乙未|九卿|九月|二十三年|二十九年|二十八年|二月|五月|京|京口|亳州|伊桑阿|伯費揚|何應元|侍郎|元旦|內閣|八月|六月|兵部|典章|兼禮部|刑科|刑部|功二司|功司|十一月|十二月|十月|協領|南巡|參領|古北口|台吉|右侍郎|吏部|吳苑|喀爾喀汗濟農|喇克圖|噶世圖|嚴我斯|四月|地方官|堂子|壬辰|大學士|太和|太廟|姚蒙景|孝陵|學士|安徽|宗文皇帝|官陳平|宣府|實錄|封爵|將軍郭丕蘇松|尚書|尚書紀爾|尚書翁|尼哈番|工部|己亥|己巳|布政使|平陽|庚午|庚子|庚申|康熙|廣東|徐廷璽|御史|戊戌|戊辰|成龍|戶部|按察使|提督|旗人|明代|昭陵|時憲|朔|朝鮮國王|李尚祜妻|李殿|李殿機|李煒|李華|杜臻|杭州|東郊|梁鼐|檢討|正月|民李殿機|永陵|江南|江寧鎮江|江蘇|江西|沙思體理|洪萬容|浙江|湖南|湖廣|滿洲|滿漢大學士|漢軍都統|為戶部|無錫縣|王|王新命|王氏|王騭|琉球|甲午|甲子|癸亥|癸巳|白旗|直隸|知府|碩額|福建|福陵|給事|總兵|總督|翰林院|胡氏|蒙古|蕭氏|藩王|西安|諸王|貝勒貝子|起居注|軍法|辛酉|通州|通政使|都察院|都御史|都督|里昂|金山寺|阿山|阿思哈|駐防|高承爵,166
1690,一月|丁亥|丁巳|丁酉|七月|三岔口|三月|三河|丙辰|丞|丹巴|九卿|九月|乾清宮|乾清門|二十九年|二十八年|二月|五月|京口|京城|今喀爾喀汗|伯|佟國綱|佟徽年|侍衛|侍郎|俄儂|保定|俞夏益|信郡王|元旦|克三額爾|八旗|八月|公|公福|六月|兵部|凱音布|刑部|努喇克達|十一月|十七年|十二月|十四年|十月|南京|博碩克圖|參將|參贊|參領|古北|古北口|台吉|右侍郎|司官|各扎薩克|吏部|吳氏|周氏|喀爾喀額爾德尼濟農|喇沁王|喜峰|喜峰口|噶世圖|噶爾丹|四川|四書五經|四月|固山|土木|土謝|地丁|堂子|壬戌|壬辰|外郎|多爾濟|多羅|大同|大名|大名府|大學士|大將|大貝勒|天津|太傅|太和|太子|太廟|奉天|學士|安郡王|宗室|官陳奇|密雲縣|實錄|將弁|將軍|將軍和碩|少保陳世凱|尚書|巡撫|巡鹽|工部|左侍郎|左翼|己丑|己未|巴林|巴泰|布彥|布政使|常寺卿|庚午|庚寅|庚申|康熙|廣東|廣西|廷敬|引課|張家口|張英|彭春|彭鵬|徐元文|御史|戊午|戊子|成龍|戶部|按察使|掌院|提督|昌平|明珠|昭陵|時憲|朔|朔日|朝鮮國王|杜氏|杭州|榆林|正月|正紅旗漢|武昌|歸化城|歸應|永平|永陵|汗|汗澤卜尊|江南|江蘩|江西|汧|沙津|河南|河間|洪尼喀|浙江|清宮|清苑|湖北|湖廣|滿丕等|滿洲|漕糧|灤州|烏爾扎|烏闌滾|特祜|特祜等述|王|王岳樂|王常寧|王毓秀|王沙津|王福|王福全|王貝勒貝子|理藩院|甲子|番|癸亥|癸巳|盛京|盧崇興|直隸|真定|督捕|知縣|福陵|科爾沁|科道|穆哈|章京|章泰|筆帖式|管官|統蘇爾米|綠旗兵|總督|羈縻|翁牛特|翰林院|胡土克圖|胡昇猷|英王|董元卿|蒙古|藩王|藩院|蘇爾至|行取|覺羅舜拜|設站|許三禮|諭戶部|諸濟農|諸王|講官|議政王|貝勒|貝勒貝子|貝子|貴州|費揚古|赫納|起居注|車臣|軍法|辛卯|辛酉|述濟隆|通判|通州|遊擊|達爾沙|達賴|遵化|邁圖|邵嗣堯|邵鳳翔|郎中|郡王|部|部尚書|都察院|都御史|鄂扎|金世榮|鎮標|閻興邦|阿喇尼|阿喇彌等|阿密達|阿山|阿海|阿爾必|阿達|陵遣官|陶氏|陸隴其|雅布|霸昌道|靈壽縣|順天|順德廣平|順治|額爾克|額爾賀|鮑敬舊|鹽引|麻城|齊蘭布,279
1691,丁亥|丁巳|七旗|七月|三十一年|三十二年|三旗|三月|三跪九叩|世祖|丙戌|丙辰|丹巴|丹津|乙卯|乙酉|九卿|九月|二十七年|二十三年|二月|五月|京|京口|京城|京師|仲尼|伊桑阿|何龍文|侍衛|侍讀|侍郎|保和殿|修撰|傅伸|傅臘塔|元旦|光祿|光祿寺|內務府|內閣|八旗|八月|公|公福|六月|兵部|典章|兼禮部|冠軍使|分府|刑部|刑部侍郎|劉琰|劉順|十一月|十二月|十月|南昌|博碩克圖|卿|卿噶邇|厄魯特|厄魯特人|參領|叔琳|古北口|台吉|史赫|右侍郎|司僉事|吉士|吏部|吳喇忒奈曼|吳昺|吳朝林妻|吳氏|吳達|周惕|哈納|唐古特|喀爾喀七旗|喀爾喀扎薩克|喀爾喀汗|喀爾喀汗濟農|喀爾喀降|噶爾丹|噶邇|四川|四月|四格|國子監|圖汗|圖汗澤卜尊|圖爾|圖爾額爾克濟|圖納哈為|圜丘|土謝|土默特|地丁|城外|堂子|墨爾根濟|壬午|壬子|外藩|外郎|多爾濟|多羅諾爾|大學士|大定|大理寺|太和|太子|太師|太廟|妻納氏|姚弘|姜承張|孔子|學士|學士傅|學士王|學政喀爾喀博碩克圖|官調|宣府|實錄|寧夏|將軍|將陳祚昌|尚書|尚書馬齊|山西|巡捕|巡撫|左侍郎|左翼|己酉|巴圖爾額爾克濟|巴圖爾額爾克濟農|巴朗|巴林|布政使|庚辰|康熙|張壽|張孝時|張桂芳|徐晟|德昌|戊午|戊子|戴有祺|戶口|戶部|扎薩克|扎薩克圖|扎魯特蘇|按察使|掌院|提調|敖漢|教習|明珠|昭陵|時憲歷|曾慶毛|朔|朔日|朝鮮國王|朱熹|朱穆|李沉|李燕生|李象|杜爾伯特|杜立德|杭州|松茂道|格什員|格什理|格什等|楊中|楊名|正月|歸化|毛明安|永州|永陵|汗|汗澤卜尊|江夏|江寧|江球|江西|沙喇哈番|河南|洛昂|活佛|浙江|海澄公|涼州|湖廣|滿兵|滿洲|滿洲尼堪|漕米|漕糧|漕運|漠虎爾察罕|澤卜尊|濟農|灣副將|烏闌蒿|熊賜履|特阿霸|狄億潘|王|王傳冉|王奕清|王熙|王貝勒貝子|理藩|理藩院|瑞安|甘州|甘肅|甲寅|甲申|畢喀爾喀汗|癸丑|癸未|白旗|盛京|監候|直隸|督捕|祭酒|福建|福陵|科爾沁|科道|秦|秦喀爾喀喀喇沁|穆祿|第三日|納噶楚賴|索諾木|綠旗|編修|總兵|總督|總管|纂修|翁牛特|翰林院|胡土克圖|胡麟|色爾濟|荊州|葛思泰|蒙古|蔡元|薩克圖|薩為|藍旗|藩王|藩院|衛既齊|襲爵|西哈台|西安|西海|親王|覺羅舜拜|詹事|諸王|講官|護軍參領|貝勒貝子|貴州|起居注|車臣|軍機|軍統領|辛亥|辛卯|辛巳|辛未|通永道|進士|遊擊|達賴|郎中|郡主|郡王|部|部尚書|郭爾羅斯|都御史|都督|金元|鑲紅旗|鑲黃旗|閻錫爵|阿山|阿海|阿玉錫|阿金|陜|隆額|領伯|額爾克|額爾德尼|齊特|龍西庫,317
1692,丁丑|丁未|七月|三十一年|三十二年|三旗|三月|丙午|丙子|丹巴|乙亥|乙巳|九月|二月|五月|令善|伊瑪圖|佛倫|佛葆襲|侍讀|侍郎|元旦|內務府|內閣|八旗|八月|公|公福|公長|六旗|六月|兵部|兼禮部|凱音|刑科|刑部|副將|十一月|十二月|十月|卿|卿噶邇|參領|古北口|台吉|右侍郎|右春坊|司官|司通政|同知|吏部|吳丹|吳正治|吳爾圖|哈納|喀喇沁|喀喇沁奈曼|喜子|四川|四月|四格|土默特|地方官|堂子|壬午|壬子|壬申|外藩|多羅達爾漢卓禮克圖|大同|大學士|大理|大理寺|太保|太僕寺|太子|太廟|奉天|姚儀|孫志道|孫氏|學士|守遊擊|安徽|宋犖|宗室|官林葵|官鶴麗|客氏|密雲縣|實錄|尚書|尚書馬齊|尼哈番|山海|山西|巡撫|工部|左侍郎|己卯|己酉|巴圖|巴林|巴為|布政使|平陽府|庚戌|庚辰|庫勒納|庶子|康熙|廣沅州|廣西|御史|思翰|恩格|戊寅|戊申|戶口|戶部|扎魯特四子|按察使|敖漢|旗漢|日講|昭陵|時憲歷|朔|朝鮮國王|木噶山|朱爾喀岱昂|東郊|枷號|正月|正紅旗|正藍旗|武英殿|歪庫|歸化|歸化城|毛明安|永平|永陵|江蘇|江西|沈莊|沙喇哈番|浙江|滿洲|漕運|潼關|熊賜|熊賜履|玉泉山|玉田|王|王廷彪|王新命|王氏|王澤弘|王維珍|王諾內|王貝勒貝子|甘肅|甲申|癸丑|癸酉|白旗|皇莊|直隸|碩達爾漢親|福陵|科爾沁|科道|給事|統索柱|統領|綽什|總兵|總督|總管|翁牛特|翰林院|自盜律|舒恕|英阿達|范承勳|葉穆濟|葛思泰|董訥|蒙古|蔡元署|薩為|襲爵|襲職|西安|諸王|護軍統|豐潤|貝勒貝子|貴州|赫充|起居注|軍統領|辛亥|辛巳|通州|通政使|運河|達爾沙|郡王|部|部尚書|部落|郭世隆|都察院|都御史|鄂羅斯|鑲紅旗|關監督|阿思哈|陜|雲南鶴麗|靳輔|韓作棟|領伯|領碩鼐|額席,228
1693,七月|三十三年|三十二年|三旗|三月|丙午|丙子|丙寅|中書|主考|乙亥|乙巳|九卿|九月|乾清|二十七年|二十三年|二十二年|二十五年|二十六年|二年|二月|五城|五月|介休|伊桑阿|佐領|佛葆為|侍衛|侍郎|元旦|內務府|內閣|八旗|八月|公|六月|兵部|兼禮部|刑部侍郎|劉國軒|十一月|十七年|十二月|十八年|十六年|十月|協領|厄魯特|厄魯特噶爾丹|參領|右侍郎|司官|吏部|吳大禪|哈密|哈番護|噶爾丹|噶爾丹眾|四川|四月|土謝|土默特|地丁|堂子|壬寅|壬申|多羅|大學士|大草灘|天津|太和|太子|太宗|太廟|太祖|孫思克|學士|學士德珠|守備|安北|安郡王|宋敏求|宗人府|富察氏|實錄|將軍薩布素|尚書|山東|山西|左翼|己卯|己巳|布政使|布爾哈|平度|庚午|庚子|康熙|廣東|廣西|廣西省|張氏|張蓮為|彭鵬|徐倬|忻州|戊戌|戶部|按察使|提督|揚古|昭陵|時憲歷|暢春園|曲阜|書班迪|會理州|朔|朝鮮國王|李懋為|李承紱|李林盛|杜思噶爾尚|楊廷耀|檢討|檢討孫|正月|歸化|歸化城|每佐領|永陵|江南|泗城|清宮|清明|清河|滿兵|滿尚書|滿洲|滿漢|王奐|王氏|王沙津|王貫|甘肅|甲戌|甲辰|畢理且|番|癸卯|癸酉|白旗|盛京|盧騰龍|知府|碩妃|福建|福陵|科則|科爾坤|科爾沁|科順天|秦省|給事|編修|縣鎮安府|總兵|總管|翰林院|考官|胡土克圖|臨邑縣|舉人|荊州|華山|蒙古|蒲州|藍旗|藩王|西安|西暖閣|西林|西督撫|西隆|言官|諸王|議政王|護軍統|貝勒貝子|貝子察汗|貴州|貴州雲南|貴戶部|辛丑|辛未|辰刻|邊塞|都察院|都御史|都統|鄉試|鄒平縣|陜|隆科多|青海|駐防|齊蘭布,208
1694,丁卯|丁思孔|丁酉|七月|三十三年|三十四年|三旗|三月|丙寅|丙申|丹達|主事|乙丑|乙未|九卿|九月|二月|五月|京|佛倫|侍讀|侍郎|保舉|傅德為|元旦|內閣|八旗|八月|公|六月|兵部|兼禮部|冀寧道|刑部|十一月|十二月|十月|南苑|博和齊昂|厄魯特|參領|口北龍潭口|台吉|右侍郎|司僉事|司官|吏部|吳赫為|哈納|喇克巴|喇木扎|噶爾丹|四川|四月|圖爾額爾克濟|土默特|地丁|堂子|塞外|壬辰|外藩|多羅貝勒|大學士|天津|太和|太廟|奏銷|妃|妻孔氏|婦戴氏|孔子|學士|學士王|學士陶|學政|官額爾赫|宣化|實錄|將董|將軍|將軍博霽調|將軍郭丕以|尚書|尚書索諾|尹方|尼哈番|屈盡美|山東|山西|岳宏譽|巡撫|工科|工部|工部侍郎|左侍郎|己亥|己巳|巴林|布彥|布政使|常書|庚午|庚子|庫勒納|康熙|廣東|廣西|建昌|引見|張長|彭鵬|徐治|思南|戊戌|戊辰|成龍|戶口|戶部|承郡王|拉塔|按察使|提督|提調|揚古|摺|故漢軍都統|旗員|星安|星安等|昭陵|時憲歷|暢春園|朔|朝鮮國王|朱大任|朱穆|李光地|李氏|李賢村|杜徵新|杜氏|杭州|林麟|柳命天|桑額|正月|武之亨|歸化|歸化城|毛城|毛明安|永陵|江南|江西|浙江|涼州|湖廣|滿洲|漕糧|漕運|漢人|熊賜|爵|王|理藩|理藩院|甲午|甲戌|癸亥|癸巳|盛京|監督|盧氏|直隸|知府|知縣|碩額|福建|福陵|科爾沁|秦喀爾|穆祿|糧例|給事|綠旗兵|縣衛|總兵|總督|總督王|義暉|翁牛特|翰林|考成|耶庫勒納|至西沽|蒙古|蔡家營|藩王|襲職|西安|諸王|貝勒貝子|貴妃|貴州|辛丑|通州|達巴漢|遷安縣|郎中|部落|郭世隆|郭爾羅斯扎魯特|都察院|都御史|鑲紅旗|關氏|阿山|阿蘭泰|陜|雅布|雲南|霸州|韓世琦|順天|騎郎員|騎郎護衛,226
1695,丁巳|七月|三十五年|三十四年|三旗|三月|世職|丙申|主事|主事員|乙亥|九卿|九月|二月|五品|五月|任原|侍衛|侍讀|侍郎|侯|保舉|僉書|元旦|內閣|八旗|八月|公|六品|六月|兵部|兼禮部|刑部|刑部侍郎|十一月|十二月|十月|厄魯特|參將|參領|右侍郎|吏部|吳丹|吳興祚|哈密|員外|喀爾喀貝勒|嘉峪關|噶世圖|噶爾丹|嚴泰|四品|四川|四月|四格|固山|國子監|土默特|城守尉|堂子|墨爾根|壬戌|壬辰|外藩|外郎|大學士|大將|大計|太和|太廟|奉國將|妻杜氏|孫思克|學士|守備|安北|官阿爾必|宣化|實錄|寧夏|將軍伯費揚|將軍副|尚書|山東|山西|岳爾濟|岳爾濟山|嵩祝|巡撫|巡撫噶爾圖|工部|左侍郎|己丑|己未|巴林|布政使|平陽|平陽府|庚寅|庚申|康熙|建昌|引見|張素儀|恩克|意而納|戊子|成龍|戶口|戶部|扎布|扎魯特|按察使|掌印|提督|敖拉|教官|教習|昭陵|時憲歷|暢春園|朔|朔日|朝鮮國王|木扎爾陀音|朱穆秦|朱都|李廷燮|李林隆|李氏|李迥|杜爾伯特|杭州|林隆|枯倫貝爾|根敦|楊奉|楊鳳起|正月|武昌|歸化城|毛明安|永陵|江南|沙哈禮|河南|洪洞|浙江|渾子蘭鼐|湖南|湖廣|滿洲|滿漢兵|漕|漕運|烏喇|烏喇墨爾|特祜|特祜歸|王|王騭|甘州|甘肅|甲午|甲子|癸亥|癸巳|盛京|監造|直隸|祭酒|福建|福陵|科爾沁喀爾|筆帖式|納學士|索岳爾濟|統方額|統齊蘭布|總兵|總督|總督王|翰林|聖壽節|胡土克圖|良棟|蒙古|薩布素|藩王|衛千總|衛將|西安|諸佐領|諸王|護軍統領|貝勒貝子|貝子|赫氏|車卜登|軍博霽|軍希福|辛卯|辛未|辛酉|遊擊|郎中|郭爾羅斯|都司|都察院|都御史|鎮標|阿爾必|阿蘭泰|駐防|黑龍江|龍門,216
1696,丁亥|丁巳|七月|三十五年|三旗|三月|丙子|丙戌|丙辰|丹巴|之察罕托羅海|乙卯|乙酉|九月|二十七日|二十二日|二十四日|二月|五旗|五月|京|京城|伊桑阿|伯費揚|侍衛|侍衛興永朝|侍讀|侍郎|元旦|光祿|克魯倫|內務府|內府|兩黃旗|八旗|八月|公|公福善|六月|兵部|初八|十一月|十二月|十月|南口|博木巴圖|博碩克|卿|厄魯|厄魯特|厄魯特布|參領|古北口|台吉|吐魯番|吳達禪|哈卜|喀喇沁|喀爾喀扎|喀爾喀扎薩克|噶爾丹|噶爾圖|四年|四月|回子|固山|圖汗|圖爾|圖爾額爾克濟|土伯特國|土謝|土默特|堂子|堪布|塞外|墨爾根|壬午|外藩|外郎|外郎雅|多爾濟|多羅貝勒|多羅貝勒松|大學士|大將|大理寺|太和|太廟|夸蘭大|妻黎氏|孔子|孝陵|學士|學士常書|宗喀巴|官白斌|宣化|宿衛|察罕托|實錄|少卿|尚書|尚書班迪|尼哈番|居庸|工部|左翼|巴林|巴王|巴陵|巴顏|布達里|常寺卿|庚申|康熙|廉羅道|廣東肇高|張家口|御營|必爾漢|戈尼爾羅卜贓|戊午|戊子|成龍|戶口|戶部|扎卜|拖陵布|指揮|按察使|掌院|提督|揚古|敵噶爾丹|文英護|旗漢|明珠|昭陵|時憲歷|暢春園|會盟|朔|木扎爾陀音|本旗|李世|李天馥|杭氏|杭艾令|桑諾爾布|榆林|正月|歸化|每佐領|永陵|江南|江西|沙河|泗州|洪亮|滿|滿兵|滿洲|滿洲佐領|滿洲噶思哈妻|滿漢大學士|潘育龍|烏闌布通|爵|王|王沙津|王貝勒公|班禪|理藩|理藩院|甲寅|甲申|癸丑|癸未|白三旗|白斌|白旗|石文桂|福陵|科爾沁|科爾沁喀爾|第巴|筆帖式|納喇特|納木扎爾陀音|統嘎爾單|統杜思噶爾石|統祖良|綠旗|綠旗兵|總兵|總督|總管|翁牛特|翰林院|胡土克圖|至噶爾丹|色冷|范承勳|葉爾欽|蒙古|薊州|藍旗|藍翎|藩王|藩院|蘇勒圖|行大有|襲職|覺羅氏|諸王|貝勒|貝勒貝子|貝子|軍統領|輪班|辛亥|通州|達爾襲|達賴|達賴汗|達里|達里岡|達里崗|邊汛|邳州|郝尚圖|郡王|都御史|鄂克濟|阿山|阿敏妻|阿毓璽|阿海|阿蘭泰|雅阿爾薩|雲南|霍尚|青海|額爾奇|魯蘇|鮮國王|齊爾圖,247
1697,丁丑|丁未|七月|三十七年|三旗|三月|三月初|上將|且察罕諾爾|丙午|丙子|中華|丹巴|丹津|主事|主事薩哈連|九卿|九日|九月|二十九日|二十五日|二十八日|二十日|二月|五月|京|今噶爾丹|以察哈爾|伯費揚|佐領|侍衛|侍郎|保住|倭倫|僧額|允祉|允祺|元旦|內閣|八旗|八月|公福善|六月|兵部|兼禮部|刑部|初二|十一月|十二月|十六年|十四日|十月|南陽|卿|厄魯特|厄魯特則|古北口|台吉|右侍郎|司僉事|司務|吉士|吏部|吐魯番|周至|哈喇|哈密|哈察罕|哈納|哈納貝子|哈郎古|喀喇沁|喀爾喀扎|喇木扎|噶爾丹|四厄魯特七旗|四月|回子|固山|圖爾|圖爾額爾克濟|圖爾額爾克濟農|土伯特國|土默特|地方官|堂子|堪布|塞卜騰|塞外|壬午|壬子|外藩|外郎|多爾濟|多羅|多羅貝勒薄|大同|大學士|大將|大理寺|天潢|太和|太廟|婦張|孤山|孫家莊|孫思克|學士|學士壽鼐|學政|宗人府|宗室|密雲縣|實錄|將弁|少卿|尚書|居胥山|山東|山西|巡撫|工部|左侍郎|己卯|己酉|巴哈|巴林|巴爾珠爾|巴顏|布政使|布爾賽|布隆吉|常達里|平噶爾丹|庚戌|庚辰|府谷|康熙|廣東|廣東省|張仕|張家口|御史|德州|戊寅|戊申|成龍|戶口|戶部|扎卜|扎卜代|拉木扎卜來|按察使|掌院|提調|提鎮|揚古|摺|摺奏|敖漢喀爾|教習|文魁|旗漢|日噶爾丹|日綽什希巴|明珠|昭陵|時憲歷|暢春園|曹氏|朔|朔日|朝鮮國王|杜拉達爾漢|松津|格壘沽英|格格|楚庫爾戈|榆林|橫城口|正月|正月初一|正月初二|永陵|汗|江西|汪舒克|汪薇|沙克珠|河南|派拉木|浙江|海喇圖|湖北|滾布察罕|滿洲|瀚海|火牌|烏喇|烏蘇|狼山|王化行|王善|王永譽|王英|王諾內|王貝勒貝子|理藩|理藩院|甘肅|甲寅|畢噶爾丹|畢爾|癸丑|癸未|白克|白克率|白克白|白塔|白斌|白旗|盛中華|盛京|直隸|督撫|祖良|福建|福爾布|福陵|禛|禟|禩|科爾沁|科目|第巴|策妄|策旺諾爾布|統祖良|統領|統齊蘭布|綠旗兵|編旗隊|縣君婿|總兵|總督|總管|署主事|翁牛特|翰林院|肅州|胡土克圖|臧濟|自察罕扎|至噶爾丹|至寧夏|至寧夏之路|色冷|范承烈|荊州|萬邦溥|葉爾欽|蒙古|薩克薩|薩哈連|藩王|藩院|襲爵|西延綏|諸王|貝勒|貝勒公|貝勒貝子|貝子|貴州|軍功|軍政|軍政務|辛亥|辛巳|通政使|達巴漢|達海|達爾扎|達爾漢|達賴|邊至察罕扎|郎中|郝氏|郡王|部長|郭多里|郭爾羅斯|都察院|都御史|鄂克濟|鄂木布|里克|金戰勝|關外|阿山|阿巴|阿旺|阿海|阿濟爾汗|阿爾拜|阿玉|阿蘭泰|阿都海|阿齋|陜|陸德元|陸鳴|隆家丹濟|雲南|青海|領侍衛內|額林臣|鳴鳳妻|黑龍江|黑龍江兵|龍亭,321
1698,丁丑|丁未|七月|三十七年|三旗|三月|上林苑|丙午|丙子|丞金璽|中後所|中甸|丹津|乙亥|乙巳|九卿|九月|二月|五月|京城|代布|侍讀|侍郎|保和殿|保安|俞氏|允祉|允祺|允行|元旦|克爾蘇|內閣|八旗|八月|公|六月|冊封|刑科|勵杜訥|十一月|十二月|十月|協理|南巡|卿|厄魯特|台吉|右侍郎|司務|司官|吏部|周瞻|哈納|唐湖|喀爾喀會盟|喀爾喀阿霸|喇沁鎮|喇錫|喻成龍|噶爾丹|四月|固山|國公善|圖爾親|土默特|堂子|堂官|塞卜騰拉思倫|壬寅|壬申|外藩|多爾濟|多羅|多羅貝勒|大學士|太僕寺|太廟|太行山|奇爾賽|奉天|妻何氏|妻林氏|妻陳氏|子允祥|子牙河|孔子|孟根|學士|學政|安徽|宗人府|官缺|密雲縣|實錄|寧遠州|將軍薩布素|尚書班迪|尚書馬齊|尼哈番|山東|山海|崔家樓|巡撫|工部|工部侍郎|左侍郎|己酉|巴喇錫|巴林|布政使|布木諾|常綬|平和|平海|庚午|庚子|庚辰|府尹|庫勒訥|庫察城|康熙|廣東|廣西|張志棟|張旺|彭鵬|征噶爾丹|徐廷璽|恩都爾拜|戊寅|成龍|戶部|按察使|提督|敖漢|教官|文安|文晟|易州|易水|昭陵|時憲歷|暢春園|朔|朝鮮國王|朱習|李光地|李林盛|李桓|桑額|正月|武清|永陵|永陽|汗|江副將|江蘇|沅|沈勇|沙河|洪澤湖|浙江|淮揚|淮水|清江浦|清河|渾河|溫州|滇|滹沱河|滿|滿城縣|滿洲|漕河|漕運|漳河|烏斯藏|王|王公|王新命|王滿|王貝勒貝子|王鳴鳳|甲戌|甲辰|畢爾漢|癸卯|癸酉|盛京|直隸|督捕|知府|知縣|碩達爾漢巴|碩額|福建|福陵|禛|禟|禩|科爾沁|秦科爾沁|策妄|給事|總兵|總督|與爾叔噶爾丹|董安國|蒙古|蒙番|藩王|藩院|蘇赫納|諸王|講官|貝勒貝子|貝子|貴州|辛丑|辛未|迪來|通州|通政|運河|郡守|郡王|都察院|都御史|都督|鄂木布|鑲紅旗漢|鑲黃旗|開化|阿巴|阿蘭泰|陜|陝西|隆色|雜職|順天|順寧|順德|顏格隆|顧大學士|馮天惠為|高橋|高雷廉|鶴慶|黑龍江|齊海|齊理,251
1699,一瀟|丁卯|丁酉|七月|三十九年|三塔|三旗|三月|丙寅|丙申|中式|乙丑|乙未|九卿|九月|二月|二莊口|五月|京口|侍讀|侍郎|侯馬三奇|修撰|元旦|內閣|兩淮|八旗|八月|公|公普奇|公福|六月|兵部|兼禮部|冀州|刑部|十一月|十二月|十六年|十月|協理|南宮|南巡|南贛|卿|台吉|右侍郎|右衛|司官|吏部|吳江縣|周金然|哈密|哈納|喀喇沁|嚴我斯|四川|四年|四月|圜丘|土城|土默特|堂子|壬寅|壬戌|外藩|大學士|大理寺|太廟|妃|姜宸|子牙河|孔子|學士|安喀爾|安東|安科爾沁|完固口|官員督撫|宣化|實錄|寶泉局|射陽湖|將軍|少詹事|尚書熊|尚書馬齊|尹泰|尼哈番|山陽|巡撫|巡撫布雅|工部|左侍郎|左翼|己亥|己卯|己巳|巴林|巴顏|常寺卿|庚午|庚子|康熙|廣安鄉|廣總督|引見|張鵬|徐州|徐廷璽|徐潮|徐秉義為|御史|惠濟|戊戌|戊辰|成龍|戶口|戶部|扎木蘇|按察使|提督|提鎮|揚州|攔黃壩|攔黃壩灣|敏妃|敖漢|昂古|昭陵|時家馬頭|時憲歷|曲馬家港|朔|朝鮮國王|李光地|李彥|李興|李蟠|李輝|東壩|東館|桃源|楊氏|楊鳳起|楚省|正月|正紅旗|歸化城|歸衛之河|毛城|毛明安蘇|永清|永陵|江南|江浙|江西|江都|沙齊|河臣|泰州|洗馬|洪澤湖|浙江|淮|淮安|淮揚|淮水|清口|清河|湖南|湖口|湖廣|滏河|滹沱河|滿洲|滿篤為|漕糧|漕運|漳河|特旨|王|王德妻|王正|王氏|王紳|王車|田雯|由衛水|甲午|甲子|畢爾漢|癸酉|白旗|皇莊|直隸|知縣|碩端敏|碩純禧|碩達爾漢親|福陵|科爾沁|科爾沁奈曼|科道|穆塞妻|穆布|統喀齊|統瓦珥|統禪|經局|經廣宗鉅鹿|經河間|編修|總兵|總督|總督桑額|翁牛特|考官|考試|自山東|自廣平|自邱縣|臬|至獻縣|興化|蒙古|藍旗|藩王|蘇旦子|襲職|詹事|詹事府|諸王|貝勒貝子|起居注|辛丑|辛卯|辛未|運河|邱縣|邳州|郡王|部堂|部落|郭爾羅斯扎魯特|都察院|都御史|都統|鄉試|里海|錢法|閆留|阿思哈|陝西|陶岱|雅蘇|雲南|靜海縣|韓家莊|韓莊閘|順天|領侍衛內|顧穆親|高家堰|高灣|魏縣|魯伯赫|鹽城|鹽城山陽|鹿縣|默德|龍虎峪,272
1700,丁亥|七月|三十九年|三旗|三月|丙寅|丙申|丞|中式|中河|丹巴|乙丑|乙未|九卿|九月|事席爾達|二月|五月|伯阿席|侍衛|侍郎|傅繼祖|元旦|內閣|八旗|公|公蘇爾法|六月|兵部|刑部|劉國興|化家口|十一月|十二月|十月|協領|參將|參領|台吉|右侍郎|司同知|司官|司獄|司理|同州|吏部|唐希順|喀喇沁|單霸|嚴道|四品|四川|四月|國公善|土司|地方官|堂子|壬戌|壬辰|外藩|大使|大學士|太廟|妻陳氏|姜定國|學士|安徽|實錄|將張|將軍|將軍沙納海|將軍莽|尚書|尚書席爾達|尚書署|山東|巡撫|工科|工部|左侍郎|己丑|己未|巴喇錫|巴林|巴漢昂|布政使|布泰|庚寅|庚申|庚辰|康熙|廣東|張格|張睿奏|張霖|張鵬翮|從仲莊閘|御史|戊午|成都|戶口|戶部|扎什護|扎魯特|打箭爐|按察使|提督|提鎮|撥什庫|撫臣|敕書|敖漢喀喇沁|新河口|旺直|昭陵|時憲|暢春園|朔|朝鮮國王|朱都|李抗|李麟|杜臻|東郊|林營|格爾特妻|條奏|檢校|正月|正紅旗漢|正黃旗|武清|毛明安|永定河|永陵|汗|江南|江西|河北|河南|河官|河曲|河東|浙江|淮揚|淮揚道|淮水|淮黃交會|清口|溫達|滿洲|滿洲兵|漕米|漕糧|照磨|營官|特厄魯特|特木爾達|王|王新命|王謙|理藩|甘肅|甲午|甲子|癸亥|癸巳|白旗|盛京|監試|盧崇耀|直隸|直隸井陘|督撫|督糧道|知事|碣石|福建|福陵|禛|科爾沁|科臣|科道|穆哈|第巴|給事|統領|總兵|總督|總督桑額|翁牛特|胡土克圖|臬|舉人|范承烈|荊州|著桑額|董安國|蒙古|蔡村|藍旗|藩王|藩院|西陲|覆試|詹事|諸王|講官|護軍統|貝勒貝子|貝和諾|辛卯|辛酉|通判|通州|通政|通政使|運河|郡王|郭爾羅斯|都司|都御史|鄂爾齋|鄭惟孜|金修築|金應行|金衢|鑲紅旗|閱化家口|關氏|關督|陝總督席爾達|陝西|陶莊閘|青州|青海|駐防|高家堰|黑龍江|默德,240
1701,丁亥|丁巳|七月|丈頭村|三十四年|三屯|三月|世祖|丙戌|丙辰|乙卯|乙酉|九卿|九月|二月|五月|任風厚|伯海福|侍衛|侍講|侍郎|侯施|允祉|元旦|光祿|內閣|八旗|八月|公|公彭春|公鄂倫|六月|兵部|兼禮部|刑科|十一月|十二月|十月|協領|南苑|卿|厄魯特|台吉|右侍郎|吏科給|吏部|吳爾圖|吳赫為|哈納|哈里|喀喇沁|喀爾喀扎魯特|喇哈番|四十一年|四月|固山|土默特|堂子|塞外|壬午|壬子|壽鼐|外官|外藩|多羅平悼|多羅貝勒|多羅貝勒允|多羅貝勒胤|大學士|大理寺|大計|太廟|妻陳氏|孔子|學士|宗室|官馬士芳|宣化|察哈爾|實錄|將軍|少保|少傅|尼哈番|山東省|岔道|崔錫榮|巡撫|工部|己丑|己未|巴彥|巴林|布政使|常寺卿|平郡王|年遐齡|庚寅|庚申|康熙|廉羅道|廖氏|廣巡撫|廣東|廣東肇高|廣西|延慶州|引見|張英|張鵬|彭鵬|戊午|戊子|成泰慎|戶口|戶部|拖羅海|按察使|提督|揚古|撫臣|故大學士|敖漢扎賴|昌平|昭陵|時憲歷|暢春園|曾壽襲|朔|朝鮮國王|札賴|李光地|李光夏|李氏|李賢村|杜爾伯|杜爾伯特|楊福|正月|正黃旗|武生|武科|殷化行|毛明安科爾沁|永定河|永陵|汗|江西|沙城|沙爾丹|浙江|湖北|湖廣省|準朱魯麻哈達|漢軍副都統|灤陽|烏蘇|特貝子|王|王國昌|王熙|王繼文|王貝勒貝子|瓜爾察|甘肅|甲寅|甲申|畢喇之馬尼圖|癸丑|癸未|白旗|盛京|直隸|督糧道|知縣|石琳|碩額|福陵|禛|禩|科爾沁|穆素|第敖漢|管承寵|納素|納遜|給事|統魯伯黑|綽諾木|總兵|總督|翁牛特|翰林院|董元偉|蒙古|蔡蕙|蕭永藻|藍旗漢|藩王|襲爵|言官|詹事|詹事府|詹伯豸|諸王|講官|貝勒貝子|貝子|貴州|軍德倫|辛巳|遊擊|遵化|郎中|郡王|部落|郭爾果爾台|郭爾畢|郭爾羅斯四子|都察院|都御史|阿爾達爾畢|雲南|雷瓊道|領事|領侍衛內|魯伯黑,227
1702,丁丑|丁未|七月|三月|世子|世顯|丙子|丙辰|中黃鼎|丹巴|丹津|九卿|九月|二月|五月|伊德|伊道|何瓚遠|侍衛|侍讀|侍郎|保泰為|元旦|內閣|八旗|八月|公|六月|兵科|兵部|刑科|刑部|劉官|十一月|十二月|十月|南河|卿|厄爾德尼|厄魯特|參領|古北口|可虞應|台吉|右侍郎|吏部|吳涵|吳珍|吳甫生|吳達|唐胡村|喀喇沁|喀爾喀扎魯特|噶爾弼|四十一年|四十二年|四川|四月|固山|圜丘|土官|土默特|堂子|壬午|壬子|外藩|多爾濟|大學士|大理寺|太廟|奉天|妻沈氏|威寧|學士|學士賴|安徽|宗室|宣化|實錄|將穆廷|尚之隆|尚之隆行|尚書席爾達|尼哈番|居庸|山東|巡撫|工科|工部|左侍郎|左翼|己卯|己酉|巴林|巴氏|布政使|常舒為|庚戌|庚辰|府尹|康熙|廣州將|廣東|廣東道|廣西|張家口|張白村|張睿為|張鵬翮|徐州|徐氏|徐秉義|御史|戊寅|戊申|戶口|戶部|打箭爐|按察使|掌印|提督|提鎮|摺奏|敖漢|敦多布|旗漢|日講|易州|昭陵|時憲歷|景州|朔|朝鮮國王|本旗|朱穆秦|李光地|李芳述|桃源|檢討|正月|正藍旗|正黃旗|步軍統|歸化城|永城|永定河|永寧協|永陵|汗|汝弼|江南|江西|汶上|河南|浙江|清口|湖廣|溫憲|滿洲|滿篤為|漢軍都統|獻縣|玉來|王|王國昌|王國昌委官|王福|王觀|王鳳|甲寅|甲申|癸丑|癸未|登州|白旗|監生|監督|監貢|盧崇耀|直隸|知縣|石亭|碩額|福建|福陵|科爾沁|給事|統崇古禮|統滿丕為|統領|綠旗|編修|縉雲縣|縣檢橋|總兵|總督|總督巴錫|翰林|翰林院|考官|胡土克圖|胡安國|舒輅|苗蠻|苗首羅|荊南道|蒙古|薩海|藍旗|藍旗漢|藩王|藩院|蘇松|虞城|覺羅氏|計然|許嗣興|諸王|護軍統|貝勒貝子|貝和諾|貝子|貴州|貴州苗|起居注|辛亥|辛巳|郎中|都司|都察院|都御史|都統|鄉試|鄧應|鑲黃旗|關稅務|阜城|阿思哈|阿應|阿海|阿金|陝西|雲南|韓尹|順天|領侍衛內|領瓦爾大為|馮國|高雷廉,249
1703,丁丑|丁未|七月|三月|丙午|丙子|中式|丹津|乙亥|乙巳|九卿|九月|乾清門|二月|于準|五月|介休|何焯|佟騰雲妻|侍衛|傅氏|傅爾丹|允祉|允祺|元旦|八旗|八月|公|公傅爾丹|六月|刑部|劉含|勵杜訥|十一月|十二月|十月|博洛|卞永譽|古北口|古城|台吉|右侍郎|司官|吏部|哈納|喀喇沁|四十三年|四十二年|四川|四月|地方官|坡瀨噶山|垂基恭|城守|堂子|塞外|壬寅|壬申|夏光|外藩|多羅|多羅貝勒|大學士|大學士席|太原|太和殿|太宗|太廟|太祖|婦張|子刻|子時|孔子|孟津渡|孟縣|孟鎮|學士常壽|安徽|宋犖|宗人府|宿遷|實錄|尼哈番|山東|巡撫|巡撫喻|工部|左侍郎|己卯|巴克|巴林|巴漢昂|布政使|康熙|廣西|引見|張氏|張英|張鵬|張鵬翮|德州|戊申|成龍|戶口|戶部|扎魯特|按察使|提督|敖漢王|新安|新泰|昭陵|時憲歷|景仁宮|朔|朝鮮國王|李桓|根敦|格爾齊|桃源|桑額|正月|正紅旗|正賦|殿試|毛明安蘇|永陵|江南|江寧將|江蘇|江西|汪灝|沂州|河南|泰安|浙江|滿洲|滿漢大學士|漕米|漕運|熊賜履|狼山|王|王公|王國昌|王常寧|王福|甲戌|甲辰|癸卯|癸未|癸酉|登州|直隸|督撫|石琳|碩額|祁縣|福陵|禛|禩|科道|秦科爾沁|筆帖式|納木達克|縣湛泉|總兵|總督|總督桑額|舉人|蒙古|蕭氏|薩哈連妻|薩爾巴|藩王|蘇代|蘇隆來|行唐|裕親|襲爵|親王|許汝霖|詹事|諸王|貝勒貝子|貢士|貴州|辛丑|辛保去|辛未|進士|邳州|郡王|郯城|郵州|都察院|都御史|鄂羅舜|鄭家莊|里昂|鑲紅旗|阿山|雅爾幾岱|靈石縣|顏達|高家堰|齊達克齊,207
1704,一月|丁卯|丁酉|七月|三月|三河|丙申|中書|九卿|九月|乾清門|二月|五月|京師|伯霸圖|何顯|侍衛|侍衛拉錫|侍講|侍讀|侍郎|傅氏|元旦|光祿|內務府|內閣|八旗|八月|六月|兵部|兼禮部|刑部|初七|初九|初八|初四|勞之辨|十一日|十一月|十三日|十二月|十六日|十四日|十月|協領|南苑|卿|厄魯特|台吉|右侍郎|司馬光|吏部|喀爾喀多羅卓禮克圖|喀爾喀扎賴|四十三年|四十四年|四川|四月|固山|國公善|圖巴札卜|堂子|塞外|壬寅|壬申|外藩|多羅|多羅扎|多羅貝勒沙利|大學士|大理寺|大都|天台山|天津|太廟|子牙河|孔子|孝陵|學士|安徽|宋朝|實錄|寶坻縣|小泉|少卿|少詹事|尼哈番|山東|山西|山長|川東道|巡撫|左侍郎|左翼|己亥|己巳|巴喇錫來|巴塔|巴爾布|巴顏|布政使|常寺卿|庚午|庚子|庫爾滾|庫里|康熙|廣東|廣福樓|張大齡|彭鵬|得爾吉惠漢|御史|德木楚克來|戊戌|戊辰|托羅|按察使|摺|敖漢柰曼|文安|昭陵|時憲歷|普陀山|暢春園|曹超|朔|朔日|朝鮮國王|札陵|朱子|李光地|李枋|李錄予|杭州|松山|桓聘|楊村|正月|正紅旗|正黃旗|武格|殷特布|永陵|汗|沈辰垣|河南|河東|河源|洛昂|清明|湖北|湖南|滿|滿洲|漢軍副都統|爾班吐爾哈|爾班索羅謨|特阿霸|王|王九齡|王慶|王松齡|王頊齡|瑪旺|甘肅|甲子|甲申|畢至仁|畢達|癸酉|白旗|直隸|福建|福陵|科爾沁|簡莊理|總管馬思|翁牛特|翰林院|舒虎鼐|舒輅|蒙古|蔡升元|薩克圖|薩哈|藩王|蘭州|西札陵|西藩|許嗣興|詹事|詹事府|詹事陳元龍|諸王|講官|貝勒貝子|貝和諾|貝子|贛南道|起居注|車林敦羅布|辛丑|辛未|通州|運河|遵化|那氏|郎中|郎廷棟|郡王|都察院|都御史|都統|鄂爾多|鄂陵|鄂齊爾|阿克|阿思哈|阿畢|阿藍太以|雲南|霸昌道|青海|青縣|領侍衛內|顧魯希席|香河|高登|魏齊|黑龍江|齊蘇勒,232
1705,丁卯|七月|三公|三月|丙申|中山王|主事|乙丑|乙未|乙酉|九卿|九月|二月|五月|京口|佟世祿|侍衛|侍讀|侍郎|侯馬三奇|保安|俞章|傅士|元旦|內閣|八旗|八日|八月|公|六月|六部|兼禮部|刑部|副將|劉光|劉含|十一月|十二月|十月|南河|卿|厄魯特|厄魯特諸|古溝|台吉|吉林|同知|吏部|吳什等|吳爾德|吳爾袞|周敦|哈納|員外|喀爾喀兵|喇門噶山|嘉祥|嘉興府|四十四年|四品|四川|四月|國公|圖諾爾|圜丘|城外|堂子|塞外|壬戌|壬辰|外藩|多羅貝勒薄|多羅貝勒諾尼之子|大學士|大理寺|太僕寺|太廟|孔子|學士|學政|安徽|宋明之|宋犖|宗室|官穆廷|富青|實錄|將軍|少昊|少華之麓|尚之隆|尚書|尼哈番|崇明|嵇永仁|巡撫|工部|己丑|己未|巴林|布政使|庚寅|庚申|康熙|張廷樞|張志棟|張泰交|張玉書|張雲翼|張鵬|張鵬翮|徐州|徐潮|御史|懷來|戊戌|戴果|戶部|扎瑪克|扎薩克|按察使|提標|提督|新泰|施世綸|旗漢|昭陵|時憲歷|晏|暢春園|曼多羅達爾漢|朔|朝鮮國王|朱麻喇為|杜爾伯|松江|查富|檢討|正月|正紅旗|正賦|正途|正黃旗|殷扎納|永陵|汗爾莊|汝弼|江南|江寧將|江西|汪悟|汪氏|浙江|浙省|溧陽城|滿洲|烏闌諾爾|狼山|王|琉球|瑄|甲午|甲子|癸亥|癸巳|癸未|白旗|盛京|監候|直隸|知縣|福建|福陵|禩|秉中|科爾沁|科道|秦喀喇沁|管竭忠|米芾|納木扎|納木扎爾|統戴米|統拜音|統禪步|統達爾華|統鑲紅旗|編修|總兵|總督|翁牛特|翰林院|考選|考選科道|荊州|蒙古|藍旗|藩王|詹事|詹事府|諸王|豐司|貝勒貝子|貴州|赤山|辛卯|辛酉|達爾漢王|選司|選科道|郎中|郎主事|郡王|鄂克遜|鄂羅舜|金培生|鑲紅旗|鑲紅旗漢|阿山|阿思哈|雍州|零旺布|領侍衛內|頤命|頭村|駐防|高厚聞,227
1706,丁亥|丁巳|七年|七月|七里|三月|世祖|丙寅|丙戌|丙辰|丹巴|主考|主考官|乙卯|乙酉|九卿|九月|二十二年|二月|五月|京城|京師|侍衛|侍讀|侍郎|保舉|僧格妻|允昌妻|元旦|光祿|內務府|內閣|八旗|八月|公|六月|兵部|兼禮部|刑科|刑部|劉官|努之子|十一月|十二月|十月|南巡|南河|卿|厄魯特|取士|古北口|台吉|右侍郎|司官|吏部|吳氏|周士奇|喀喇沁|喇哈番|喜峰口|四十六年|四川|四月|圖汗|土謝|堂子|堂官|士芳|外藩|多羅達爾漢|大學士|天培為|天津|太宗|太廟|太祖|奉恩將|妻陳氏|姜國英|孔子|孫氏|學士|守尉|安太妻|宗室|官藍理|實錄|將羅聯芳|尚書|尚書馬爾漢行|尼哈番|山西|巡撫|工部|工部侍郎|己丑|己未|巴林|布政使|席爾圖|席爾達|庚寅|庚申|康熙|廣東|廷敬|廷敬奏|張大有|張鵬翮|彭會|恭額|戊午|戊子|戶口|戶部|扎魯特喀爾|按察使|提督|敖漢|敦拜|旗員|昭陵|時憲歷|暢春園|會試|朔|朔科爾沁|朝鮮國王|李斯|李氏|李紳|李錄予|東沂州|林營|根壽為|梁氏|條奏|正月|永陵|汗|江南|江蘇|沈村|沙副將|浙江|海陽縣|溫達|滿洲|潘氏|灣鳳山|王|王吉徵妻|王氏|王貝勒貝子|瑄|瑚錫布|甲寅|甲申|白旗|盛京|直隸|督撫|石崖|石柱|福建|福陵|禮科給|科場|科爾沁|科考|穆丹奏|紅苗|給事|總兵|總河|總督|總管|翁牛特|翰林院|考官|考試|胡土克圖|色爾圖|董國禮|蒙古|蒙子嶺|藍旗漢|藍理|藩王|襲職|西安|試官|詹事|諸王|講官|貝勒貝子|貴州|贊善|車臣|辛卯|通政|進士|達巴漢|都察院|都御史|鄂齊|鄂齊爾|鄉試|鄭載崙|金世榮|金門|鐵索橋|阿思哈|陝西|陝西興漢|陶仁明|雅圖溝|雲南|青貝勒額爾特布|靳輔|高家堰|黑龍江|龍窩,223
1707,丁亥|七月|三月|世顯|丙辰|乙卯|乙酉|九月|二月|五月|仁和|侍衛|侍郎|偏沅巡撫|元旦|八旗|八月|公噶爾瑪|公額|公額爾圖|六月|兵部|化林營|十一月|十二月|十月|卓素|卿|參將|台吉|右侍郎|司通政|吏部|吳爾袞|哈達|喀喇沁|喀爾喀多羅貝勒羅布|喀爾喀科爾沁|喇卜坦|喇哈番|嚴州|四十七年|四十六年|四川|四月|圖多羅額|堂子|壬午|壬子|外藩|多爾濟|多羅卓禮克圖|多羅貝勒|多羅達爾漢|大使|大學士|大龍灣|太倉|太僕寺|太廟|姬氏|學政|學政趙|安仁|安徽|宗人府|宗室|宜希班弟|宜納哈|實錄|尚之隆|尚之隆行|尚書|尼哈番|山東|崔相國|巡撫|工部|左侍郎|己卯|己酉|巴拜妻|巴林|庚戌|庚辰|康熙|廟灣|弩克圖|張鵬|張鵬翮|徐州|徐潮|德州|德布|戊寅|成都|戶口|戶部|提督|故多羅冰圖|新城|旗丁|旗漢|昭陵|時憲歷|暢春園|朔|朝鮮國王|木哈圖|李旭升|杭州府|東光縣|查密嚴|正月|武林|歸仁|毛明安|永陵|江南|江浙|河員|河官|泗州|洗馬|洪澤湖|浙江|淮套|清口|湖南|溫州|滁州|滿洲|漕|漕運|漳州|烏闌哈達|焦氏|熱河|王|王傑|王奕清|王文雄|王貝勒貝子|甲寅|甲申|甲辰|申喬|申季|畢穎|癸丑|癸未|登萊總兵|盱眙|直隸|碩榮憲|碩額|祥符|福建|福陵|科爾沁|科臣|糧道|經局|總兵|總督|翁牛特|聖公孔毓圻|蒙古|蔣家壩|藩王|衢州|襲爵|西喇穆倫|西爾哈畢|許鳳來|諸王|貝勒貝子|賦役|輔國公|辛亥|辛巳|通政使|運河|達達布子|郡王|都察院|都御史|鄂爾齋|鄂齊爾|阮爾詢|阿思哈|陝西|陶顯|馮升額|高家堰|高郵湖,196
1708,丁丑|丁未|七月|三旗|三月|世祖|丙午|丙子|乙亥|乙巳|九卿|九月|九月初|二月|五月|代布來|伯|佐領|侍衛|侍讀|侍郎|傅繼祖|允祺|元旦|內閣|八旗|八月|八貝勒|公|公普奇|公爵|六月|兵部|兼禮部|刑部|助教|包衣|北鎮|十一月|十二月|十月|博霽|卿|叔范承譜|台吉|右侍郎|吉士|吏部|周氏|哈番|喀喇沁|喇哈番|喇錫塞|四十七年|四十六年|四川|四日|四月|國公善|國子監|土默特|堂子|壬寅|壬申|外藩|多羅|多羅貝勒|大學士|太僕寺|太廟|奉天|學士|安徽|安東縣|宗室|宿州|實錄|將張|尚之隆|尚之隆行|尚書|尚書凱|尚書馬爾漢行|尼哈番|崔相國|嵇永仁|巡撫|巡撫郎廷極|巡撫齊|左侍郎|己酉|巴喇錫|巴林|巴漢|常寺卿|常州|幽州|庚子|庚戌|府尹|康熙|張世爵|張振興|彭大妻|徐元|徐氏|徐潮|御史|戊子|戊寅|戊申|戶口|戶部|扎魯特|承郡王|掌院|揚州六府|摺|故多羅達爾漢貝勒諾|教習|敦楚克妻|新安|明德|昭陵|時憲歷|普奇|暢春園|暹羅國|朔|朔日|朔科爾沁|朝鮮國王|木拉拜子|朱穆秦|李繩|杭州|東郊|松江|查布|梁氏|楊觀|正月|永陵|江南|江寧|江浙|江西|沙喇哈番|沙襲爵|浙江|海州|清宮|湖州|湖廣|溫州|溫達|滿洲|漕米|漕運|漢軍都統|熱河|父范承謨|特諭|王|王之樞|王爵|王龍|王龍光|瓜爾佳氏|甘肅|甲戌|甲申|甲辰|癸卯|癸酉|白旗|直隸|碩達爾漢親|祭酒|福陵|禟|禩|科爾沁|第喀喇沁鎮|統圖爾海|總兵|總督|翁牛特|翰林院|耿逆之變|舒蘭|范承譜|范時|萬石分|蒙古|藍旗|藩王|蘇州|蘇氏|襲職|西安|西爾哈達|言官|諭旨|諸王|議政處|護軍統領|貝勒貝子|辛巳|邱縣|郡王|郡王府|部尚書|郭氏|鎮江|鑲黃旗|阿思哈|阿諦|陝西|音達禮|領侍衛內|頭村|麥弘泰妻,223
1709,丁卯|丁酉|七月|三月|丙子|丙申|乙丑|九卿|九月|二月|云波克塔|五月|侍衛|侍郎|俞章|元旦|光祿|內閣|八旗|公|公傅爾丹|六月|六格|兵部|兼禮部|劉漢業|十一月|十二月|十月|南陽|卿|厄魯|參領|台吉|右侍郎|司官|吏部|吳友子|吳默赫子|哈納|喀喇沁|喇薩理|四月|國公|土默特|地方官|壬寅|壬申|外藩|多羅|多羅貝勒允|大學士|太僕寺|太子|太廟|奈曼|姚氏|孔子|學士|實錄|封多羅貝勒|尋武霑|少傅|少詹事|尚之隆|尚書|尚書富|尼哈番|山東|山西|崇明|巡撫|巡撫噶禮|工部|己丑|己亥|己巳|巴林|巴氏|布政使|常寺卿|庚午|庚子|康熙|廣西|廷敬|弘燮|張蓮條|張雲翼|御史|戊戌|戊辰|戶口|按察使|提督|故大學士|敕令|新莊|方凱前|旗漢|明安扎魯特|昭陵|時憲歷|暢春園|朔|朱穆秦|李芳述|杜爾伯特|東趙建|松阿喇布|楊義|正月|武弁|武清|永陵|汗|江南|汪灝|沙喇哈番|河南|波克塔|浙江|浙江省|湖北|湖廣|滿洲|滿漢|漢軍副都統|烏爾土|熊賜|熊賜履|牙行|狼山|王|王元弼妻|王毓賢|王貝勒貝子|理藩|田氏|癸卯|癸酉|白旗|白澗|直隸|真達賴|福陵|禩|科爾沁|稅課|策零旺布|管領|納思圖|編修|總兵|翁牛特|翰林院|胡土克圖|胡必爾汗|花峪溝|蒙古|薊州|藩庫|藩王|襲爵|襲職|西藏|詹事|詹事噶敏|詹事府|諸王|講官|貝勒貝子|賈魯河|車克初|車臣|軍統領|辛丑|辛未|通政|達賴|郎中|郡王|都督|鄂諾妻|鄭州|鎮國將|陝西|陝西肅州|青海,189
1710,丁卯|丁酉|七月|丙寅|丙申|乙丑|乙未|九月|二月|五月|伯|侍衛|侍讀|侍郎|保住|元旦|內閣|八旗|八月|公傅爾丹|六月|兵科|兵部|兼禮部|刑部|十一日|十一月|十二月|十月|南陽|參領瑯|台吉|司庫|吏部|哈番|喇沁鎮|四川|四月|四格|固山|國公善|圜丘|土默特|堂子|堯|塞外|壬戌|壬辰|外藩|多爾濟|多羅貝勒允|大學士|大理寺|天津|太廟|奉國將|奉恩將|妻蕭氏|孔子|學士|學政|宋致|宗人府|宗室|宜思恭|密雲縣|察爾欽|察罕|實錄|寧番衛|將軍|尚書|尼哈番|山東|巡撫|左翼|己丑|己未|巴喇錫|巴林|布政使|庚寅|庚申|康熙|廣東|廣西|弘燮|張伯行|張斌|張鵬翮|徐氏|戶部|房山|扎卜子|扎木素|拉希|按察使|振聲|提督|故多羅達爾漢卓禮克圖|散濟|昭陵|時憲歷|暢春園|朔|朝鮮國王|李如松|杜爾伯特|杭州|梧州|正月|正紅旗|武格|武舉|武舉額|毛明安|永陵|江南|沙喇哈番|河南|泉州|泉漳|法爾薩|浙江|渭|湖南永州|溫逢|溫達|滿洲|漳州|烏蘇|熱河|王|王允祉|王雅爾江|甲午|甲子|番|癸亥|癸巳|白旗|直隸|福寧|福建|福陵|禛|禟|禩|禮大學士|科爾沁|秦科爾沁|穆祿|章京|給事|統領|總兵|總督噶禮|翁牛特|翰林院|胡泮|花峪溝|蒙古|藩王|襲爵|親王|許嗣興|諸王|諾羅布|護軍統|貝勒貝子|貝子|貴州|辛丑|辛卯|辛未|辛酉|通政|遊擊|郎中|郡王|部落|都司|鄂齊爾圖|鄉試|里昂|閩省|阿喇卜坦|陝西|陝西甘|陝西肅州|雅布|雲南|順天|領侍衛內|高遐昌,195
1711,丁亥|丁巳|七月|三月|三逆|丙戌|丙辰|中式|丹津|主考|乙卯|乙酉|九卿|九月|二月|五十一年|五月|交趾|亥|京城|侍衛|侍衛巴|侍衛賴|侍讀|元旦|光祿|兗州|內閣|八旗|八月|公傅爾丹|公大學士|公萬舒克|公蘇里|六安|六月|兵部|冷宗昱|刑部|十一月|十二月|十月|南巡|博洛|卜坦|卿|古爾來|台吉|吏部|吳巴達子|吳泌|吳洪圖|哈密|哈納|喀喇沁|喀爾喀扎薩克|四川|四月|固山|國公|圖雅納妻|土默特|地丁|地方官|堂子|堯|塔西|墨爾根|壬辰|壽州|外藩|多羅卓禮克圖|多羅貝勒|大學士|大理寺|太原|太廟|奉天|女馬氏|妻噶氏|學士|安徽|官役|密雲縣|實錄|少卿|尚書|山東|巡撫|巡撫黃秉中|巡撫齊|工部|左侍郎|左必蕃|左爾哈|己丑|己未|巴林|巴顏|布政使|帝堯|庚寅|庚申|康熙|廣東|廣西|廬州|張世爵|張伯行|張鵬|張鵬翮|徐元|必蕃|戊午|戊子|戶口|拉卜坦|拖羅海|按察使|提督|提鎮|揚州|摺奏|敖漢科爾沁|明洪武|昭陵|時憲|暢春園|朔|朝鮮|朝鮮國王|木扎卜來|朱子|朱穆|李林盛|李近|杜爾伯特|桑乾|正月|武陵|歸化城|殷特布|毛明安|永陵|江南|江寧|江浙|江蘇|江西|沅|河南|泉州|浙江|浙省|淮|清明|湖北|湖南|湖廣|滎澤縣|滹沱|滿洲|漕|漢人|漢軍都統|漳|潘宗洛|潘從律|潘育龍|烏思藏|熱河|爵|牟欽元|特旨|王|琉球|甲寅|申喬|申喬任|申喬題|畢穎|番|癸亥|白旗|盛京|監候|直隸|督撫|祀事|福建|福陵|科爾沁|納木生|統領|總兵|總督|總督江蘇|翁牛特|翰林院|舉人|董昭祚|蒙古|藍旗|藩王|蘇賽|蜀|衛鳳陽|西喇烏蘇|西湖|覆試|諸王|貝勒貝子|貝和諾|貝子|貴州|軍統領|辛卯|辛酉|郡王|郭世隆|郭氏|郭爾羅斯蒿|都察院|都御史|都統|鄂羅斯|鄭載崙|鎮綏將|鑲紅旗|鑲黃旗|闕里|陝|陝西|陝西學政|雲南|青海|順義縣|駙蒼津|魯子琳|黔,240
1712,七月|三月|世祖|丙戌|丙辰|乙卯|乙酉|九卿|九月|二月|五十一年|五十二年|五月|何德麟|侍衛|侍講|侍郎|保住|元旦|光祿|內務府|八旗|公|公索諾|公阿布蘭子|六月|兵部|刁鴻舉|刑部|十一月|十二月|十月|南苑|南贛|博士|博木布|卜俊民|卿|卿員|參領|台吉|右衛|右衛將|司通政|吏部|吳洪聲|喀喇沁|四川|四月|固山|土默特|堂子|壬午|壬子|壬辰|外藩|多羅貝勒|大學士|大理寺|太和殿|太宗|太廟|太祖|奉國將|奉天|奉恩將|妻孔氏|孝陵|孟俄洛|孫生員言德|學士長|宗人府|宗室|實錄|將軍唐|尚書|尚書富|山東|崔徵璧|巡撫|左翼|己卯|己酉|巴勒|巴林|常寺卿|庚戌|庚辰|府尹|康熙|張氏|得爾吉惠漢|戴夢麟|戶口|扎魯特蘇|敖漢|昭陵|時憲歷|暢春園|朔|朔日|朝鮮國王|李枋|李濤|東郊|查喇芬|楊福爾前|楊福銀|楊鈞|楚|正月|正黃旗|殷泰|殷特|永陵|江西|滿洲|熱河|牛家|特諭|王|王允祉|甲寅|甲申|癸丑|癸未|白旗|白都納|盛京|直隸|福陵|禟|科爾沁|秦多羅厄爾德尼貝勒|穆布|穆達|統禪|總兵|總督|翁牛特|翰林院|胡魯克|舉人王|蒙古|藩王|西雙城|諸王|講官|豐潤|貝勒貝子|貝子|貢士|赫達|軍原|軍統領|辛亥|辛巳|通政使|達扎卜|郡王|郭爾羅斯|鄂爾楚|鄂齊|鑲紅旗|閩學|阿必達|陝西|陶成紹|陶陳謨|青海|黑龍江,171
1713,丁丑|丁憂|丁未|七月|三十二年|三月|三桂|上駟院|世祖|世職|丙午|丙子|乙亥|乙巳|九卿|九月|二月|五十二年|五月|京城|仇兆鰲|佐領|何國宗|侍衛|侍讀|侍郎|保安|元旦|光祿|光祿寺|內務府|內閣|八旗|八月|公|公大學士|公彭春|六月|兵部|兼禮部|冊立|分封|刑部|劉四|包衣|十一月|十二月|十月|協領|卿|厄魯特|台吉|右侍郎|司官|吉士|吏部|吳郡|呼爾亥|哈密|哈納|哈達|四川|四川省|四月|堂子|塔拜|壬子|外藩|外轉|多羅|大學士|天培奏|太保|太僕寺|太子|太宗皇帝|太廟|太祖|奉天|妻康氏|孔子|孟子|學士|學士宗紳|宋仁宗|完扎爾虎齊|宗人府|宗室|宗文皇帝|實錄|寧安|將弁|尚書|尚書富|尚書桑額|尚義|尚義等|尼哈番|岳塞布|巡撫|工部|己卯|己酉|巴圖|巴林|巴顏|庚戌|庚辰|康熙|廣東|張伯行|張朝午|張鵬|張鵬翮|徐元|徐潮|德木楚克|惟達里|戊寅|戊申|戶口|戶部|扎布|扎魯特|拖羅海|提標|提督|提鎮|摺|敖漢|教習|散館|旅順|明朝|昭陵|時憲歷|暢春園|曹鳴詩|朔|朔科爾沁|朝鮮國王|朱爾哈代碩倫|朱穆|李其慧威|李氏|杜氏|杜爾伯特|查福塔|柯彩|柯蔭|桂平|正月|殷乾綱|毛明安|永定河|永州|永陵|江南|江西|汪如洲|沅|河間|浙江|淑惠妃|淡水|湖南|湖廣|滿洲|滿洲漢人|滿漢|潘宗洛|烏闌哈爾哈|熊氏|特諭|王|王之治|王博果|王吉余|王增|甲戌|甲辰|申喬|癸巳|癸酉|白旗|盛京|監候|直隸|碩托|碩額|福建|福陵|禛|科爾沁|科道|科道官|秦柰曼|糧則|總兵|總管|翁牛特|翰林院|胡土克圖|胡會恩|臧滾布|蒙古|蔡永壽|蕭永藻|薩哈連|藍旗|藩王|藩院|裘君弼妻|覺羅|言官|課則|諸王|諾木桑|貝勒|貝勒貝子|赫奕|通政|達福|達里善|邵康節|郡王|部尚書|部落|郭爾羅斯喀爾|都察院|都御史|鄂倫特|鄂善|鄭連|配享|金昌|錦州|閩省|阿恩哈|阿爾筏|阿靈|陝西|陝西涼州|陸氏|額爾濟|顧悅|騎校|魯安費揚,248
1714,丁卯|七月|三旗|三月|上海|丙寅|丞|中式|丹巴|九卿|九月|二月|五十四年|五月|京口|京城|侍衛|侍讀|侍郎|倪滿|停決|元旦|光祿|內罪|八旗|八月|公|公傅爾丹|六月|兵部|刑部|十一月|十二月|十月|南巡|卿|口之榮島|台吉|吏部|吳存|呼斯台|喀爾沁|四川|四月|固倫榮憲|國學|圖汗|土謝|土默特|堂子|堯|壬寅|壬申|外藩|多輝昂|大學士|太廟|奉天|妻杭氏|威寧|學士|定海|實錄|審秋審|將大學士|將府|小竹島|尚書|山東|島欽島|崆峒|嵩齊|巡撫|巡綽官|己亥|己巳|巴林|布政使|庚午|庚子|府尹|康熙|廣州|廣西|弘燦|張令濤|張伯行|張鵬翮|得爾吉惠漢|御史|德布|戊戌|戊辰|成山|成都|戶口|扎魯特|按察使|提督|敖漢|教官|旅順|昭陵|時憲歷|暢春園|書手|朔|朝鮮國王|朱穆秦|李氏|李雄|查鐵山|條奏|楊名|正月|歷法|永陵|汗|江南|江蘇|江西|沙口|泰來|浙江|減等|湖廣|湯之旭|滿洲|烏蘇|熱河|牟欽元|牟欽元署|特旨|王|王允祉|王貝勒貝子|班禪|甘肅|甲午|甲戌|甲辰|癸卯|癸酉|登州|發落|白旗|盛京|監候|監生|監試|直隸|矜疑|碩額|磨勘|磯島|福建|福陵|秋後處決|科爾沁|科爾沁奈曼|立決|編修|總兵|總督|總督赫壽|翁牛特|翰林院|考官|考試|胡土克圖|著減|蒙古|藩王|虎坪島|衢州|西藏|詹事府|諸王|謄錄|議得|貝勒貝子|貢院|貴州|車臣|軍流|辛丑|辛未|郝林|郡王|郭里口|都察院|都御史|都督|鄂爾哲|鄂爾楚|鄉試|金山寺|金衢|錢塘|鎮國將|阿錫鼐|隍城|雙島|項氏|顧協|駙多爾濟|黑山,207
1715,丁卯|丁酉|七月|三月|下護衛|世祖|世綸|丙寅|丙申|丞|丹津|乙丑|乙未|九卿|九月|二十九日|二十二日|二十四日|二月|五十五年|五十四年|五月|任若海|佐領|侍衛|侍讀|保定|元旦|內務府|八旗|八月|公傅爾丹|六月|兵科|兵部|出嘉峪關|刑部|劉相為|十一月|十二日|十二月|十八日|十四日|十月|南巡|博木布|博貝|厄魯特|厄魯特人|參將|台吉|司僉事|司官|吏部|吳氏|吳爾圖|哈密|哈薩克|四川|四月|固山|國棟|土官|土默特|地丁|堂子|壬戌|壬辰|多羅達爾漢|大學士|大定|天命|太和殿|太廟|孟克|學士|學政|宋真儒|宗人府|宗正|宜黃縣|宣化|宣尉司|富寧安|實錄|寧安回|寶泉局|將軍席柱|尚書|尚書富|山東|巡撫|巡撫綽奇|工部|己亥|己巳|巴爾庫爾|巴顏和洛|布政使|布爾哈|常馬爾河|庚申|康熙|廣西|引見|張伯|張伯行|張元|張元隆|張朝午|張逸少|張鵬|張鵬翮|徐廷|戊戌|戊辰|戴青|戶口|戶部|扎薩克|扎薩克羅卜藏|抵噶斯口|按察使|振聲|推河|提督|提調|提鎮|搜濟|摺|昭陵|時憲歷|朔|朔日|朔科爾沁|朝鮮國王|朱穆|李氏|李錦等|杜爾伯特|根敦|桑植|梁海|楊存理|楊氏|正月|殿試|毛土舍|永平|永陵|汗|汗王|江南|江浙|江蘇|江西|河間|浙江|清明|滿|滿洲|滿漢|漕|漕運|熱河|營喀喇沁|特公博貝奏|特木爾|猺|王|王允祉|王氏|王章|王綱明|班濟達|甘州|甘肅|甲午|甲子|申喬|番|癸亥|癸巳|白克木|白克額敏|盛京|監候|直隸|碩純禧|碩額|福建|福陵|禛|禩|科爾沁|秦多羅厄爾德尼貝勒|章京|符德彰|筆帖式|糧務|索倫|給事|統布爾九|統白濟|經歷|總兵|總督|總督范時|總管|翁金|翰林院|聖壽節|肅州|胡必爾汗|自嘉峪關|自巴爾庫爾|至噶斯口|至巴爾庫爾|至肅州|莊浪|蒙古|藍旗|藩王|西安|西寧|西寧口|西番|覃煊|課銀|諸王|諸貝勒|貝勒|貝勒延壽|貝勒貝子|貢士|赫奕|起居注|軍機|辛酉|迪來|通政使|進春|郎中|郡王|部堂|都察院|都御史|鄂海|鄂爾齋|鄭盡心|里德|錢法|閩粵|閻之蓋|防海|阿喇卜坦|阿爾泰|阿爾泰嶺|阿齊圖|陝|陝西|青海|鞏昌三處|順天|高其序|黑龍江,266
1716,丁亥|丁巳|七月|三月|上海|世顯|丙戌|丙申|丙辰|丹巴|丹津|乙卯|乙酉|九卿|九月|二月|五十五年|五十六年|五月|京|京城|京師|以正黃旗|侍衛|侍衛伍|侍郎|傅氏|傅爾笏納|傅紳|元旦|內閣|八旗|八月|公|公登色|六月|兵部|刑部|刑部侍郎|初一|初二|劉蔭樞|劉蔭樞本|劉蔭樞題|十一月|十二月|十月|協領|南門|參贊|台吉|司官|吏部|吳通|吳道|吳郡|呂履恒|周道|呼斯台|哈密|噶禮|四品|四月|國公|圖噶禮|圖恩威|圖汗|土謝|土默特|地方官|堂子|壬戌|壬辰|壽春|外藩|大同|大學士|大學士馬齊|太廟|奈曼|孫柱|學士|學士星|學官|宗人府|宣化|宣城|富寧安|富寧安作速|富寧安所奏|察哈爾|實錄|寧安奏|將嵩|將軍席柱|將軍職|將軍達|尚書|尚書富|尚書赫碩|山東|山西|峨泰長|崔相國|嵩祝|嵩祝者|巡撫|巡撫綽奇|工部|工部侍郎|左侍郎|己丑|己未|巴林|巴漢昂|巴爾庫爾|布政使|席柱|庚寅|庚申|康熙|廣東|廣東瓊州|引見|張伯行|張家口|張廷樞|張鵬翮|從典|應令席柱|戊午|戊子|戶口|戶部|按察使|提督|摺|摺奏|昭陵|時憲歷|暢春園|朔|朝鮮國王|朱穆|李光地|李旭升|李華|杭州|柳園頭|條奏|楊家馬頭|楊福任|楊福子|正月|武英殿|歸化城|殷特布|永陵|汗|江南|江氏|江蘇|河南|浙江|湖北|滿洲|濟魯克|烏蘇|熱河|特木爾達|王|王之樞|王奕清|王度|王思軾|王用霖|王頊齡|甘肅|甲午|申喬|癸亥|癸巳|發落|白都納|盧詢|直隸|知縣|碩卓禮克圖|碩額|福陵|禮儀|科爾沁|科道|穆和倫|穆喇錫|端午|統崇古禮|統穆賽|總兵|總督|翁牛特|考試|聖公孔毓圻|肅州|胡作梅|胡土克圖|自嘉峪關|至噶斯口|范家莊|范時|莊安東縣|董弘毅|蒙古|蔡升元|蕭永藻|藍旗|藩王|蘇爾金|處州|親王|覺和托|詹事|諸王|譚氏|貝勒貝子|貢生|赫碩|辛卯|辛酉|通政使|達禮|達里|郝林|郡王|部尚書|郭多|郭里營|都察院|都御史|都統|鄭載倫|重遠|金塔寺|鎮國將|阿喇衲|阿濟|阿爾泰|阿賴田|陝西|雅布|駐防|駙蒼津|麻來|黑龍江,254
1717,丁亥|丁巳|丁酉|七月|三月|世顯|丙戌|丙辰|丞|丹巴|丹津|主考|乙卯|乙酉|九卿|九月|二十九日|二月|五十七年|五十六年|五月|京城|今拉藏|佐領|侍衛|侍讀|侍郎|停決|允祿|元旦|內閣|兩宮|八旗|八月|公|公察罕|六月|兵部|其福寧|兼禮部|刑部|刑部侍郎|初三|劉世俊|劉蔭樞|劉薩樞著|十一月|十二月|十月|午門|南澳|南苑|南贛|卜坦來|卿|台吉|向澤卜尊|君元|吳士玉|周士元|周為|喀喇沁|喇扎卜|嚴州|四川|四年|四月|四譯館|回子|圖爾|土默特|堂子|壬午|壬子|外藩|多羅貝勒|大學士|大理寺|太僕寺|太原|太常寺|太廟|太皇太后|奈曼喀爾|妻齊氏|姚蒙景|威寧|孔子|孫森|孫英敏|學士|學士勒什布|學政|安王|宗人府|宗室|官黃龍|定制|富寧安|實錄|寧壽宮|將費俊|將趙坤|將馬良|少卿|尼哈番|山東|山西|川北|巡撫|巡撫綽奇|己卯|巴林|巴爾珠爾|布政使|常寺卿|庚戌|庚辰|康熙|廣東|廣西|廣西督標|張氏|張聖佐疏|張鵬|征拉藏|徐元|得爾吉惠漢|惠安|應奎|成都|戴青|戶部|扎薩克|扎西|扎魯特|按察使|掌院|提督|摺|摺奏|撫臣|旅順口|昭陵|時憲歷|暢春園|朔|朔科爾沁|朝鮮國王|朱穆奏|李枝奐妻|東暖閣|松潘|查禮|桑都噶爾|楊朝麟|楊琳|正月|武場|毛明|永陵|汗|江南|江蘇|江西|河北|河南|河間|泰特|洞庭|浙江|深州|減等|湖廣寶慶|滿兵|滿洲|漢軍副都統|火耗|熊耀璣|熊詔|熱河|王|王之樞|王允祉|王盛|班禪|田廣運|甲寅|甲申|申時|申蘭|癸丑|癸未|白旗|直隸|知縣|碩卓禮克圖|福建|福陵|禩|禮儀|科爾沁|秦|策妄|統瑯圖|總兵|總督|翁牛特|翰林院|考試|肅州|胡土克圖|胡駿|臬|荊州|蒙古|藍翎|藩王|藩院|蘇松|虎山|行鈔|西安|西寧|親王|試例|諸王|講官|謝治為|護軍統領|讀學士|貝勒|貝勒貝子|貝子|貴州|起居注|軍副將|辛亥|辛巳|達色|達賴|達顏|郡王府|郭爾羅斯|都察院|都御史|鄭載崙|鈔|鑲黃旗|閩安協|阿二|阿喇衲|阿育士|阿錫鼐|阿齊圖|陸經遠|雲南永順|雲南騰|雲南鶴麗|霍善|青海|靖逆將|順天|顧悅履|馮君|馮淳|駐扎噶斯|麻來|黔,269
1718,丁丑|丁未|七月|三月|世管佐領|世顯|丙午|丙子|丞|中甸|丹巴|丹津|主事|乍浦|乙亥|乙巳|九卿|九月|二三月|二十一日|二十三日|二十日|二月|五十七年|五十八年|五十六年|五月|京畿|佟桂承襲|佟維藩|侍衛|侍衛諾里爾達|侍講|侍郎|保疏言|保舉|俞命雄|傅爾丹奏|元旦|八旗|八月|公馬爾賽|六月|六部|兵部|刑部|初四|劉廷琛|十一月|十七日|十二月|十六日|十月|千把|千總而文|南山|南昌|南關|博音馬松|厄魯特賊|原管佐領|參領|口岸|口酸茨河|台吉|右侍郎|同知|吏部|呂猶龍|呂謙恒|周道|唐古特|商安撫|喇哈番|喇木扎|嘉興府屬|四月|四格|四面山|固山|圖汗|圜丘|土司|土謝|地方官|壬午|壬寅|外郎|外郎德成|多羅|多羅達爾漢|大學士|大通河|太廟|太行|奈曼|孔子|孝惠章|孝陵|學士|安徽|宗人府|宗室|官康海|實錄|寧安處|寬溝|將軍傅爾丹|尚書|尼哈番|山口|山東|岷州|嵩祝|巡撫|巡檢|工部|工部侍郎|左侍郎|己卯|己酉|巴林|巴漢|布政使|常泰|庚戌|庚辰|府尹|庫爾禪|康熙|廣西|延信|引見|張懋能|張氏|御史|微山湖|戊寅|戊戌|戊申|戶口|戶部|打箭爐|按察使|揚古|摺奏|旗漢|旺諾爾布|昭陵|時憲歷|暢春園|朔|朝鮮國王|朱穆秦|朱軾|李先|李永紹|杭州|東金|楊如松|楊琳|楚克來|正月|永陵|江南|江蘇|江西|沙喇哈番|沙河|沛湖|沛縣|河南|河西|浙江|海壽|湖北|湖南|湖口|準噶爾賊|滇省|滿洲|滿漢|漕運|烏蘇|熱河|特木爾達|狼臘嶺|王懿|王景|王氏|王汝載|王頊齡|瑪滾|瓜州|甲戌|甲辰|發落|盛京|直隸|督撫|碩額|福建|福陵|禮儀|禮喀喇沁|科爾沁|科道|章京|管佐領|糧道|索泰|綠旗|總兵|總督|總督長|總管|翰林院|考官|胡土克圖|色爾圖|荊|蒙古|蒼震門|藍旗|襲職|西藏|詹事|諸王|貝勒羅布|貝和諾為|貝子|貴州|貴州定|起居注|辛亥|通州|通政使|遊擊|運河|達賴|那木塔爾來|郎中|郡王|郭奇|都察院|都御史|鄉試|酋托布齊|里克|阿壩|阿思哈|阿爾泰巴爾庫爾|陝西|陝西涼州|陸華齡|青海|領侍衛內|額倫特|馮氏|駙垂忠來|駙多爾濟|駙納木賽|黑龍江,263
1719,丁丑|丁卯|丁酉|七月|三月|世顯|丹津|乙巳|九月|二月|五十九年|五十八年|五十六年|五月|伯富|侍郎|保德|俞集|傅爾丹|元旦|內閣|八旗|八月|公多爾濟色|公馬爾賽|六月|兵部|凉州|刑部|初八|十一月|十二月|十月|厄魯特|右侍郎|吳城馬頭|吳爾渾|吳爾袞|吳納哈帶|唐古忒|唐埂|啟秀|噶爾桑|四月|四格|固原|固山|土伯特|土默特|地方官|堂子|壬寅|壬申|多爾濟|多羅|多羅達爾漢貝勒|大將|太常寺|太廟|奉天|奉恩將|孝惠章|孝陵|學士長|安徽|宗室|密雲縣|實錄|屠沂|山西|山西大同|巡撫|巡撫綽奇|工部|左侍郎|己亥|己巳|巴塘|巴林|布政使|希堯|平郡王|庚午|庚子|府尹|康熙|張玉麟|戊寅|戊辰|戶口|戶部|扎西|打箭爐|按察使|故多羅貝勒達|旗丁|旺諾爾布|明|昭陵|時憲歷|暢春園|朔|朝鮮國王|東郊|松潘|格爾齊|正月|每佐領|毛文銓|永謙鎮|永陵|江南|江西|汪悟禮|汪楚克|浙江|湖北|湖南|湖州|湖廣|準噶爾|準噶爾之人|準噶爾賊眾|滿洲|漕|漢口|烏喇|烏蘇|王允祉|王奕清|王承勳|王策|甘凉|甘州|田從典|甲戌|甲辰|癸卯|癸酉|白旗|盛京|監候|監督赫昌|直隸|知州|知府|祭祀|福寧|福建|福陵|禟|策妄|管糧道|糧例|糧道|總兵|總督|總督長|署正|翁牛特|莊浪|董國禮|蒙古|蔣國正|蔣家壩|藍旗|蘇爾臣|西寧|西藏|訥爾素|詹事|詹事府|諾海|護軍|貝子|貴州|軍餉|辛丑|辛未|通永道|郎庥爾賽|郡王|都察院|都御史|金世揚|阿什|阿爾泰|陵遣官|雲南|零旺布|青海|鳳陽府,192
1720,丁卯|丁酉|七月|三月|世倌|世顯|丙寅|丙申|中山王|乙丑|乙未|九卿|九月|二年|二月|五十九年|五十八年|五月|京城|侍衛|侍講|侍講馬豫|侍讀|侍郎|保安|修惠士奇|修方|元年|元旦|內閣|八旗|八月|公|公振衡|六月|兵部|兼禮部|刑部|初八|十一月|十三日|十二月|十六日|十月|協領|南巡|南苑|參贊|參領|台吉|右侍郎|吏部|吐魯番|向龍翼|喀喇沁|嚴寅清|四川|四年|四月|四格|回子|固山|土默特|堂子|塔城|壬辰|外藩|多羅|多羅冰圖|多羅達爾漢貝勒|大學士|太廟|孔子|孝陵|孫渣|學士|學士常授|學政|宗人府|宗室|宜希班|宣化|富寧安|實錄|寧安奏|寧安所|寶額|尚敬遣|尚書|屈氏|山東|山西|巡撫綽奇|工部|左春坊|左諭德|巴林|布多|常壽|平逆將|庚午|庚子|康熙|廣東|延信|延慶|張伯行|張大受|張蓁|彭廷訓|彭維新|徐基盤|徐州|徐昂發|得爾吉惠漢|御史|戊戌|戊辰|戶口|戶部|扎魯特喀爾|按察使|提督|政檢討黎致|旺諾爾布|昭陵|時憲歷|晏布|暢春園|朔|朝審|朝鮮國王|木札卜來|朱穆|李周望|李旺|李紱|李麟|杜爾伯特|查氏|條奏|森圖|楊氏|正月|正紅旗漢|毛明安|永城|永陵|江南|江西|汪份|沈氏|河南|浙江|海壽|清河|湖廣|湖廣學政|滿洲|滿洲兵|滿漢|烏蘇|烏闌古木|烏魯木齊|熊超妻|王|王允祉|王頊齡|琉球|甘肅|甲午|甲子|甲辰|申喬|畢御殿|癸亥|癸巳|皮禪城|目沙克扎|直隸|碩達爾漢親|碩額|碭山|福建|福陵|禟|科爾沁|科道|科道官|秦蒿|穆布來|竇家林|管官|紀綬為|統穆賽|統領|編修|編修王|總兵|總督|翁牛特|翰林院|臧滾布|英柱|蒙古|蔡家集|蔣氏|蔣漣|藍旗|藩王|蘇爾坦|西安|西藏|詹事|詹事府|貝勒貝子|貝子|貴州|贊善|路振聲|軍功|軍餉|軍馬光|辛未|郎中|郡主|郡王|部尚書|郭爾羅|都察院|都御史|鄂謨克|鄧其章|鄧氏|里德|錢塘|鑲紅旗|關氏|阮淳|阿克|阿喇卜坦|阿喇衲|阿爾泰|阿爾泰巴爾庫爾|阿琳|陸什妻|靖逆將|順天|顏昂|顯妻|麻來|齊克塔木,252
1721,丁亥|丁卯|丁巳|七年|七月|三十一年|三月|世揚|世顯|中關|丹津|乙丑|乙卯|乙未|九卿|九月|二月|五月|京師|何氏|侍衛|侍郎|儲大文|元旦|八月|公|六月|兵部|初二|初八|十一月|十二月|十月|南旺|博洛|厄爾德尼子|厄魯特|參贊|參領|台吉|吏部|吐魯番|哈番|哈納|哈達|唐古特|喀喇沁|噶爾之眾|四川|四月|固山|圖巴|圜丘|土伯特|土伯特國|土默特|堂子|堯|壬戌|壬辰|多爾濟|多羅厄爾德尼貝|多羅貝勒西|大學士|大將|天津|太和殿|太廟|孝惠章|孝陵|孫柱|宗室|宗文皇帝|定西|富寧安|實錄|將軍|將軍噶爾弼|尚崇廙|尚書|尼哈番|屯田|山東|山西|岳鍾琪|崇德|嵩齊|川兵|巡撫|己丑|己未|布多|平逆將|庚寅|庚申|康熙|廣州|廣東|廣西|延信|張廷|張秋|張鵬|張鵬翮|御史|懲治令|戊午|戊子|成都|扎薩克|扎西|打箭爐|振興法|提督|提鎮|撫臣|敖漢|昭陵|時憲歷|暢春園|朔|朔日|朝鮮國王|木扎卜|朱穆秦|李先鋒莊|李宜顯|李昀|李樹德|杭州|松潘|梁海|楊琳|正月|武陟|永陵|汗|江南|沁河|沙喇哈番|沙河|河南|泰來|湖廣|湖濟寧|滎澤二縣|滎澤縣|滎澤舊|滿兵|滿洲|滿漢|潮洲|灣鳳山|烏蘇|烏蘭古木|焦三桂|營口|爵|牛鈕|王|王世廉|王允祉|王珏子|王貝勒貝子|王雅爾江|班禪|甘州|甘肅|畢御殿|畢禮袞|癸亥|盛京|直隸|督標|碩額|福建|福陵|禛|禟|科爾沁|科道|第巴|策卜登|策妄|納木扎爾|索倫|綠旗|綠旗兵|縣君婿|總兵|總督|總督噶爾弼|總督年|羌州|翁牛特|肅州|胡土克圖|蒙古|藍旗|藩王|襲職|西安|西寧|西巴爾台|西藏|詹事|貝勒丹|貝子|貢士|路振聲|軍延信|辛丑|辛卯|辛酉|達瑪林|達賴|郡王|部|部落|郭爾羅斯|郭羅克|都御史|鄭氏|里德|金多爾濟|鈕會同|閆耀斗妻|阿喇衲|陝西|陵遣官|雲南|青海|額爾德尼達賴|馮毅|駙納木賽|高其位|魏家莊|鮮國王|黑龍江,239
1722,丁亥|丁巳|七月|三月|世祖|丙戌|丙辰|乙卯|乙酉|九卿|九月|乾清宮|二年|二月|五月|今春|侍衛|侍郎|保德|元旦|內閣|八旗|八月|六月|兵部|准部|刑部|十一月|十月|協領|參遊|參領|台吉|右侍郎|司官|吉士|吉武坤|吏部|吐魯番|吳禮布|呂猶龍|四川|四月|回人|固山|地方官|堂子|堯|壬午|壬子|壬寅|大學士|大定|天啟|太廟|太祖|孔子|孝陵|孫氏|學士|安徽|宗室|宗文皇帝|容城|實錄|寧安所|將噶什圖|尚書陳元龍|尼哈番|屯田|崇禎|巡撫|巡撫噶什圖|巡撫綽奇|工部|左侍郎|巴克|布政使|布隆吉|常壽|平三逆|康熙|弘燮|弘燮奏|弘燮子|張倫|張大有|張廷玉|張弘印|徐惺所|戊午|戊子|戶部|按察使|提督|提鎮|摺|教習|新城|新安|明萬歷|昭陵|暢春園|朔|朝鮮國王|朱穆|李健命|李壤|李昀|李煥元|條奏|正月|正紅旗|正紅旗漢|正藍旗|正黃旗|武坤山|武山|武縣|水寨|永陵|江西|沁水|沈元弼|沙州|泰昌|浙江|清明|湖廣|滎澤縣|滿洲|漢軍佐領|漢軍都統|火耗|烏魯木齊|熱河|燉煌|牛鈕|王|王允祉|王全臣|王度|王殿|王雅爾江|王頊齡|瓜州|甘肅|甲寅|甲申|畢御殿|癸丑|癸未|白旗|盛京|監候|直隸|督撫|石文焯|碩額|福州|福建|福陵|禛|科道|秦多羅厄羅德尼貝勒策|章京|筆帖式|紅旗漢|綠旗兵|縣官|總兵|總督|總督年|羊山|荊州|蒙古|蒙古人|藍旗|藩王|蘭溪|襲職|西倫圖|西安|西巴爾台|覺羅塞什圖|詹事|諭戶部|諸王|貝勒貝子|貝子|路振聲|軍機|軍統領|軍黃秉鉞|辛亥|辛巳|都察院|都御史|鎮安橋|鑲紅旗|關外|阿喇衲|陝省|陝西|陝西督撫|陵遣官|順德|領達成|顧爾泰|騷達色,210
