period_month,items,item_count
1661-01,丁巳|世祖|丙辰|乾清門|侍衛|公|十八年|協理|壬子|夜子刻|太廟|宗室|戊午|正月|王|王熙|王貝勒|索尼|諸王|貝勒|貝勒貝子|賈卜嘉|賈卜嘉爾|賈卜嘉進|辛丑|辛亥|順治|麻勒吉|麻勒吉學士,29
1661-02,二月|兵部|刑部|右侍郎|吏部|啟心郎|壬午|壽皇殿|外官|官役|對喀納|尼滿|崇明|工部|左侍郎|己卯|成肇毅|戶部|景山|江南|浙江|滿漢|王|直隸|知府|知縣|總督|辛巳|通判|通政使|郎廷佐|都察院|都御史|龔榜,34
1661-03,丁糧|三月|九卿|侍郎|公古睦|十八年|台吉|吏部|吳喇忒鎮|哈察哈爾|固山|國公|圖噶布楚|土默特|多羅|多羅額爾德尼|官穆生輝|實錄|巡撫|巴林|庚戌|戊申|朱爾札|朱穆秦|歸化城|江南|漕儲|漕務|濟克蘇|盛京|直隸|科爾沁|科道|穆札察罕|穆生輝|統古魯格|練達素|總兵|總理|總督|臨江|臨海|薩哈爾|褚崇克|親王|訥爾布|諾木齊|貝勒桑噶爾|貝子|辛丑|辛亥|達爾漢綽爾濟|郎廷佐|郡王|部落|鄖鎮|鄖陽|阿旺羅卜藏|陜|順治,60
1661-04,世祖|世職|侍郎|兵部|吏部|四月|壬午|外藩|太宗皇帝|太廟|太祖|宗室|尚書|尼哈番|巡按|庚辰|彝陵|御史|戊寅|湖北|滿|滿兵|王世選|番|荊州|蒙古|藩院|襄陽|覺羅科爾|部落|鑲黃旗|阿達|顧豹,33
1661-05,世俊|五月|及第|吏部|己酉|庚戌|戊申|朔|殿試|進士,10
1661-06,丙子|侯爵|傅喀禪|六月|兵部|十八年|南巡|右侍郎|巡按|巡撫|工部|左侍郎|己卯|延綏|慕義侯|戊寅|提督|撫標兵|撫臣|李逢茂|浙江|湖廣|湖廣沅州|漕|田雄|督捕|福王|總兵|總督|總管|臬|藩司|西安|辛丑|部|都御史|都督|鄖陽|順治|駐防|魏裔介,41
1661-07,一員漢大學士|一員漢學士|七月|三院|丙午|佐領|侍郎|侯祁三|保定|內國史院|六部|劉國彪|加少保|十七年|吏部|吳庫立|周祚為|咸陽|大乘|大學士|太保|太子|太廟|學士|宿州|尚書|尚陽堡|巡撫|己酉|巴哈|布顏|弘文院|戊申|撫順|曹氏|查布海|江南|江寧|溧陽縣|滿洲|漢大學士|王熙|盛京|秘書院|筆帖式|納艾元|統特晉|總管|胡世安為|胡兆龍|著額色|蕭縣|衛元堡|費齊|赫德|都督|鄂謨克圖|金之俊|鐵嶺|開元|霸州|順治|騎校|鹽城|黑成克,65
1661-08,丁未|丙午|傅格|八月|六部|冀州|參領|吏部|大學士|孔子|宗人府|宗室|官制|工部|左翼|戊申|明朝|朔|汗|河間|理藩院|禮儀|統特晉|藩王|藩院|覺羅伊圖|貝勒|郎中,28
1661-09,丁丑|三品|世祖|九月|光祿|內國史|兩淮|公白爾|兵部|十七年|卓禮克圖|卿|古木布子|司官|吏部|吳喇忒鎮國|四品|固山|圖勒弟|太僕寺|太宗|太祖|學士|官阿世熙|山東|工科|工部|己卯|布政使|廣東|弘文院|按察使|朔|江南|江西|湖廣|滿洲|甲戌|白爾圖|督捕|知府|祁通格|福建|終之禮|給事|襲爵|課額|貝子|運同|達爾扎|郎中|郡王|都察院|都御史|陜|院學士|陰應節|順治,58
1661-10,丁未|三院|世祖|乙巳|佟延年|侍讀|修撰|元年|公穆琛|十八年|十六年|十月|參政道|參議|吏部|外任|外轉|太廟|官除|實錄|寶泉局|尼哈番|巡撫|康熙|引見|戊申|昭陵|時憲|永陵|滿漢|甘肅|直隸|福陵|科道|科道官|經歷|總督|翰林|翰林院|蒙古|親王|貝勒貝子|貴州|辛丑|郡王|都察院|都御史|阿思哈|順治,49
1661-11,丁丑|世祖|丙子|侍衛臣|十一月|周季琬|國子監|圜丘|學士|宋德宜|山東|巡撫|昭陵|朔|永陵|甲戌|祭酒|福陵|秘書院|章雲鷺|縣官|考成|葉方藹|蔣國柱|藩司,25
1661-12,丁未|丙午|乙巳|兵部|十七年|十二月|右都御史|守備|安南|尚書|屯田|左侍郎|廣西|時躍|王功|糧道|總督|袁文舉|都察院,19
1661-yun07,丁丑|七月|十八年|古木布|吏科|吏部|喀爾喀卓禮克圖|土司|實錄|巡撫|工科|己卯|戊寅|朔|沅|河南|流官|滿漢官|科道官|給事|總督趙廷臣|袁廓|貴州|辛丑|郡王|都御史|順治,27
1662-01,世祖|乙亥|元年|元旦|兩宮|八旗|吳邁|壬寅|實錄|康熙|戶口|朔|柳慶昌|正月|王|甲戌|畝徵銀|藩王|辛巳|高氏|鮮國王,21
1662-02,丁未|乙巳|二月|周祚|哈番|壬寅|孔子|朔|東郊|遣大學士衛,10
1662-03,三月|世祖|乙亥|兵部|刑部|南投|吳三桂|壬申|大將|孝陵|安徽|定西|巡撫|平西王|廣東|操江|江南|王|王傑書|王化致|王岳樂父|甲戌|福建|給事|統領|緬甸|郡王|阿巴泰|陜,29
1662-04,乙巳|佟鳳彩|公噶布|南充|四川|四月|太廟|宗室|岳池|巡撫|巡撫林|平武|建昌|提督|東海|江油|江西|甲辰|癸卯|起龍|領侍衛內,21
1662-05,五月|司僉事|吏科給|吏部|周明|四川|夔|己巳|成都|按察使|朔|李國英|甲戌|癸酉|知縣|總督|蜀|進士,18
1662-06,乙巳|九卿|二十日|兩宮|六月|吏部|壬寅|尚可喜|平南王|廈門|朔|直隸|科道|總兵|貝勒|辛丑|通政使|都察院|都御史|魏裔介,20
1662-07,七月|侍郎|刑科|功次|加級紀|吏部|壬申|大學士|太廟|宗室|尚書|巡道|戊寅|敘紀錄|東濟南|登州|秘書院|給事|言官|辛未|龔鼎,21
1662-09,世祖|九月|右侍郎|吏部|太皇太后|宗文皇帝|左侍郎|庚午|廣羅總兵|朔|楊氏|王氏|甲戌|良棟|荷鴻圖|貴州督標|軍副將|辛未|陸萬頃|雲南|雲南趙州烈|馮溥,22
1662-10,世祖|二年|十月|國史院|壬寅|大學士|太廟|太皇太后|宗室|尼哈番|工部|康熙|戊戌|成克|昭陵|時憲|朱之錫|永陵|福陵|秘書院|總督|胡世巴之子|至瓜洲|辛丑|阿思哈,25
1662-11,世祖|侍衛|公噶播|副將|十一月|吏部|壬申|拉之子|朔|李榮|浙江|溫州|總兵|辛未|辛酉|郎中,16
1662-12,五品|光祿|六品|六部|典章|十二月|司官|吏部|四品|太常|太常寺|實錄|巡撫|己亥|布政使|庚子|明末|朔|江南|王岳樂|番|考滿|辛丑|阿達,24
1663-01,世祖|二年|俞曰昌妻|元旦|八旗|公穆琛|呂氏|呂爾載|堂子|太廟|太皇太后|妻莫氏|實錄|己巳|庚午|康熙|戶口|文禮妻|朔|朝鮮國王|正月|滿洲|王|甲戌|畝徵銀|癸卯|藩王|鑄錢|閔氏,29
1663-02,一龍|二月|京堂|例免|元年|元旦|內院|八旗|六部|十五日|十四年|司官|堂官|壬寅|工部|己亥|庚子|康熙|廣東|明洪武|朔|杭州|正紅旗|河南|滿洲|滿漢|漕運|監造|盧崇峻|科道官|總督|織造|聖壽節|蘇州|賀表|輪班|進表文|部堂,38
1663-03,三月|伯|兵部|台州|嚴州二府|四川|多羅貝勒善|工科|己巳|庚午|廣東|戊辰|杭州|江南|浙江|溫州|給事|總兵|總理|總督|總督趙廷臣|茶馬額數|衢州|袁宗第|覺羅|都司|都察院|都御史|雅布|馮起,30
1663-04,二年|參領|哈番|哈納|四月|太廟|尼什|巡道|左翼|己亥|平南王|康熙|廣東|德護|戊戌|江南|瑪行|甲午|癸卯|福建|統穆里|總兵|蘇松,23
1663-05,丙寅|五月|大理寺|巡撫|己巳|戊辰|江寧|番|福建|符渭英|考官|評事|貴州|鄉試|金山|鎮江府|阿達,17
1663-06,乙未|侍衛|國史院|太皇太后|工科|康皇后|往孝陵|戊戌|檢討|熊賜|王|福建|給事|考官|鄉試,15
1663-07,七月|丙寅|主事|乙丑|內國史院|兵部|劉子|吏部|外郎|太廟|官哈爾庫|工科|己巳|提督|江南|浙江|海澄公|王勗|給事|統特晉|編修|總兵|考官|西延綏|西鄉|許暢|選世襲|鄉試|陜,29
1663-08,丁酉|丙申|乙未|伯伊爾登|八月|厄魯特|吏部|四川|孔子|孫噶都|尼哈番|左二營|左侍郎|布政使|張杰會|按察使|提標|提督|朱之瑤|浙江|湖廣|班禪|白旗|總督趙廷臣|胡土克圖|蒙古|襲爵|西藏|赫德|鎮標|馮溥|齊爾汗,32
1663-09,丙寅|多羅貝勒噶爾瑪|實錄|將軍傅|巡撫|汗|江西|江西省|甲子|西安|西山,11
1663-10,丁酉|乙未|六部|兵部|十月|右侍郎|司官|吏部|四川|回部|太廟|孝陵|左侍郎|康熙|御史|新樂|昭陵|時憲|李之粹|李率泰|杜趨|條奏|永陵|甲午|福建|福陵|統領|總兵|總督|聖壽節|臣濟農|郎中|魏明,33
1663-11,丁卯|丞|乙丑|八旗|刑部|十一月|千把|參將|哈爾佛|城守|大學士|太子|太師|如梅|守備|安南|宋琬|宗人府|少師|崇文|按察使|會典|李率泰|梁山|標統|汀州|營遊擊|甲子|皮靜|祖澤溥|福建|總兵|總督|胡世安|董篤行|都察院|都御史|鎮標|陜,39
1663-12,丞|丹津|乙未|二十一日|十二月|十月|司僉事|周全|宋徵輿|宗人府|巴拜|布政使|廈門|按察使|提督|故多羅貝勒善|施琅|朔|李率泰|浙江|湖廣|王|甲午|癸巳|福建|總督|耿繼茂|芝光祿|若真|荷蘭國|袁生|達爾漢卓禮克圖|郡王|部落|鄭錦|金門|金門二島|陜|靖南王,39
1664-01,世祖|元旦|四川|堂子|壬戌|夔|太皇太后|庚午|康熙|廣總督|張長|昭陵|朔|朝鮮國王|朱由榔|正月|毛壽|永陵|王|甲子|甲辰|知府|福陵|藩王,24
1664-02,三品|中式|乙未|二年|二月|儀王|元年|兵部|壽州|太祖|宗文皇帝|康熙|廖丹|往孝陵|昭陵|會試|武進士|武闈|殿門|江南|甲午|癸巳|盛京|祭祀|福陵|秦州|縣衛|貝子|陜,29
1664-03,三月|丙寅|二十二日|刑部|十五日|十八日|同知|吳盛|吳萬福|壬戌|張傑|殿試|番|癸亥|盛京|福寧|福建|總兵|耿繼茂疏|都督|鄭錦殘黨|銅山|鎮將|阿納海|阿達|陸鰲|靖南王,27
1664-04,內務府|喇哈為|四月|圖巴|太廟|寶衡|巴哈|巴拜子|布政使|故達爾漢卓禮克圖|明珠|梧標|海澄公|爵|甲午|癸巳|福建|總管|蒙古|賁岱|辛卯|郎中|郡王|部落|郴靖二州|都督|鑲黃旗,27
1664-05,五月|副將|劉兆麒疏|劉進|周召南|壬戌|奇岳長|實錄|巡撫|康熙|朔|沅|湖廣|甲辰|癸亥|福建|總兵|辛酉|鎮標|靖南王,20
1664-06,六月|周有德|壬辰|山東|巡撫|工科|徐惺條|朔|歷城|歷城縣|河官|癸巳|登青萊三府|祖澤溥|給事|總督|辛卯|齊河,18
1664-07,七月|二年|侍衛|兵部|博爾金|吏部|吳三桂|吳六奇|太傅|太子|太廟|太祖|姚總兵|官陳德為|少傅|己丑|巴哈|布政使|平西王|庚寅|康熙|張國柱|張彥|彭而述|按察使|提督|海豐|滿洲|糧道|統特晉|總兵|考滿|蒙古|貴州|辛卯|鑲紅旗|雲南|饒平,38
1664-08,八月|兵部|冠軍使|吏部|呂宮|四川|大學士|太保|太子|實錄|尚書|庚申|康熙|弘文院|戊午|朔|李國英|李蔭祖|杜楞貝勒圖|湖廣|班達爾沙|甲辰|總督|襲爵|辛酉,25
1664-09,丙戌|九月|國史院|學士|己丑|庚寅|滿漢官|漢軍漢人|知州|知縣|范承謨|袁象,12
1664-10,七品|三品|乙卯|五品|今漢軍漢官|侍郎|六品|兵部|十月|吏部|唐王|四品|四年|外郎|大理寺|太廟|孝陵|學士|少卿|己未|庚申|康熙|廣西|弘文院|御史|恭城|戶部|昭陵|時憲|永陵|滿漢|漢軍漢人|猺|督捕|知事|福陵|總督屈|通政|通政司|郎中|領侍衛內,41
1664-11,丁亥|京口|佟浩年|劉芳|十一月|協領|參領|四川|尼哈番|庚寅|建昌|戊子|提督|朔|杭州|楊來|江南|河北|河南|湖廣|湖廣彝陵|湖廣辰常|總兵|胡茂楨|蔡祿|襄陽|都督|阿思哈|陜|駐防,30
1664-12,丁憂|九卿|保康|兵部|十二月|吏部|喇哈達|圖子常|尚書|尼哈番|工部|己未|庚|廣總督|張長|戊午|朔日|李來|楚省|汀州|甲寅|福建|科道|竹山|竹溪|總兵|興山巴歸|荊彝|董大|蒙古|郝搖旗|都統|鄖襄|鑲黃旗|阿思哈|齊墨克,36
1664-yun06,一品|九卿|元年|六月|十七年|十六年|壬戌|官役|庚申|張賢|提督|施琅|李率泰|李長|河南|泉州|湖廣|漳州|爵|直隸|福建|科道|總兵|總督|自順治|興化|諭戶部|貝勒|辛酉|都督|項嚴,31
1665-01,丙戌|乙巳|元旦|右侍郎|吏部|四年|堂子|壬辰|太皇太后|左侍郎|康熙|戊子|昭陵|朔|朝鮮國王|正月|永陵|王|福陵|藩王|郝惟訥|都察院|都御史|鄭致,24
1665-02,丙辰|二月|六科|右侍郎|多羅冰圖|大理寺|少卿|尼哈番|巡撫|工部|己未|常寺卿|戊午|掌印|朔|滿漢官|班敦|蘇拜長|郡王|都察院|阿思哈|韓世琦|額參,23
1665-03,丁亥|三月|丙戌|吏部|戊|朔|科道官,7
1665-04,丁巳|丙辰|主事|乙巳|吏部|四年|四月|圈地|外郎|太廟|實錄|巡撫|巴哈|布政使|康熙|德州|戊午|按察使|李率泰|河南|浙|福建|總督|蒙古|郎中|陜|雲南|駐防,28
1665-05,丙戌|五月|南巡|壬午|己丑|康熙|懋功|朔|福陵|總管,10
1665-06,丁巳|丙辰|六月|兵部|吏部|吳三桂|地丁|山東|巡撫|平西王|提督|書吏|朱昌祚|河南|番|癸丑|直隸|福建|管官|總兵|總兵羅大順|總督|蒙古|藍旗|貴州|部試|都統|阿達,28
1665-07,七月|丙戌|乙巳|乙酉|以科爾沁|兵部|其貴州|南府|南昌|四年|圖爾親|大名府|太原|太廟|奉國將|山東|山西|平南王|平西王|平陽府|康熙|廣東|廣西|建昌|恩格|戶部|提督|桂林|江西|河南|河間|王滿|珠習|直隸|碩達爾漢巴|統喇哈達|總督|襲爵|辛巳|青州府,40
1665-08,乙卯|二十日|五月|何進忠|八月|哈番|四年|四月|壬子|官馬維興|尼哈番|巡撫|平西王|康熙|御史|戶口|普蚌山|李粹然|楊道生|武榮元|沙喇哈番|湖廣茅麓|潘士秀|甲寅|番|直隸|知府|祿昌賢|總兵|西山|遊擊|都督|鑲黃旗|開州|阿思哈|阿達|鹽引,37
1665-09,九月|劉兆麒|南漳|吳庫立|奉天|尼哈番|山西太原|巡撫|己丑|慕仁伯陳輝|李率泰|永和|沙喇哈番|湖廣|甲申|番|番桑圖|癸未|福建|總兵|總督|薩賽|西肅州|起科|郎中|阿思哈|阿達|陜,28
1665-10,乙卯|乙巳|十月|台吉|四年|固山|壬子|太廟|孝陵|實錄|康熙|昭陵|時憲|永陵|癸丑|福陵|聖壽節|西蘭州|阿爾納嘎爾瑪|陜|雅布,21
1665-11,丁亥|十一月|四川|壬午|太皇太后|明末|朔|楊德|江南|江都|王班|癸未|總兵|郝承裔|陜|高承恩,16
1665-12,劉漢儒|十二月|南昌|吏部|壬子|山西|巡撫|布政使|庚戌|廣東|按察使|江南|江西|癸丑|直隸|福建|科道官|總督|蘇松常道|都察院|都御史,21
1666-01,丙午|丙戌|元旦|八旗|劉光漢妻|堂子|壬午|大學士|太皇太后|尼哈番|康熙|朔|朝鮮國王|李氏|正月|溫氏|滿代妻|滿洲|王|蒙古|藩王|諸王|貝勒貝子|貴連妻|辛巳|進春|那氏|金佐明|錫拉代妻,29
1666-02,公穆琛|劉文|啟隆|四年|土司|大定|大方|安坤|官缺|官調|尋武霑|左營|己酉|平遠|平遠府|康熙|張朝|正藍旗|江西|沔陽|河南|湖廣|潜江|癸丑|福建|總兵|總督|虞城|開化|開化鎮|雲南|黔西,32
1666-03,三月|俸銀|壬午|太皇太后|尚可喜|平南王|庚辰|廣東|昭陵|朔|永陵|清明|滿洲|碣石|福陵|藍旗|蘇利功|辛巳|龔鼎,19
1666-04,四月|壬子|太廟|太皇太后|山東道|庚戌|張登選|御史|科道|辛亥,10
1666-05,丙午|丙子|五月|侍讀|四年|壬午|太皇太后|學士|實錄|寧遠|岳州|差扎魯|常德|康熙|弘文院|文闈額|明珠|朔|武鄉|湖南|貝勒桑噶爾|辛巳,22
1666-06,丁未|內務府|六月|周明|太皇太后|庚戌|朔日|海喇遜|督撫|科臣|總管|辛亥|郎中,13
1666-07,丁丑|七月|丞|中山王|司僉事|吏部|太廟|太皇太后|安陸衛|尚質|尼哈番|左侍郎|常春|庚辰|張占|按察使|曹熙|曹秉桓|朝貢|朱之弼|沔陽州|沙府|湖廣|照磨|王賜元|琉球|知事|知縣|祥縣|經歷|蔚之煥|襲職|西山|辛巳|通判|都察院|都御史|鮑瑞魁,38
1666-08,丁未|世祖|丹津|八月|刑科|刑部|吳應期|周有德|四年|土目|地方官|壬子|多羅|太皇太后|奉天|官馬寧|對喀納|山東|巡撫|左侍郎|己酉|布政使|平西王|康熙|張維赤|朔|武生|武鄉|水西|生員例|給事|總兵|郡王|都察院|都御史|阿豆|順治,37
1666-09,丙午|九月|刑部|右侍郎|吏部|回部|太皇太后|學士|實錄|尚書|左侍郎|己卯|康熙|戊寅|朔|甲戌|石申|秘書院|蔡毓榮,19
1666-10,丙午|十月|太廟|太皇太后|孝陵|尚書|工部|己酉|康熙|戊申|昭陵|時憲|永陵|瑪行|福陵|統穆里|郝惟訥,17
1666-11,丁丑|丹津|兼禮部|十一月|厄魯|四川|太皇太后|巡撫|左侍郎|己卯|朔|王熙|理藩|癸酉|白旗|直隸|福建|總督|總督苗|許世昌|郡王|都察院|都御史,23
1666-12,丁未|三司首|丞高|公|十二月|太皇太后|宗人府|寧州|巡撫|庚戌|廣西|朔|武寧|江西|癸卯|督撫|諸王|貝勒貝子|開缺|雜職,20
1667-01,丁未|丙子|侍衛|侍郎|元旦|兵部|堂子|大學士|太皇太后|尼哈番|山東|山西|己卯|康熙|昭陵|朔|朝鮮國王|正月|永陵|河南|滿洲|王|甲戌|白秉真|直隸|督捕|福陵|總督|藩王|覺羅塔達|諸王|貝勒貝子|赫里|都御史|鄭知|鑲黃旗,36
1667-02,丁未|丙午|乙巳|二月|兵部|南苑|同知|吏部|孔子|尚書|工部|朔|李來|李有|湖廣|西山|郎中|都察院|都御史|都督|魏裔介,21
1667-03,一品|七品|三品|三月|丙子|丞|乙亥|二品|五品|五城|京畿道|侍讀|侍郎|光祿|光祿寺|內院|六品|兵部|典籍|助教|十四年|博士|卿|吏部|員外|啟心郎|四品|國子監|大理寺|太僕寺|太常寺|學士|宗人府|少卿|尚書|尼哈番|御史|提督|朔|東郊|滿洲|番|癸酉|知事|祭酒|筆帖式|經歷|總督|考選|襲職|評事|讀祝官|贊禮部|通政|通政使|郎中|都察院|都御史|阿喇納,59
1667-04,三院|世襲|丙午|乙巳|侍衛|侍讀|內務府|其漢軍漢人|吏部|四月|太廟|學士|尚書|尼哈番|岐山|康熙|漢官會|漢軍學士|漢軍漢學士|爾濟哈|癸卯|鄂齊|鄭世襲|鄭芝龍|阿思哈|陜,26
1667-05,乙巳|五月|太皇太后|朔|甲辰|辛丑,6
1667-06,九卿|佐領|侍讀|六月|兵部|刑部|司僉事|司官|吏部|地方官|學政|守令|平西王|弘文院|戊寅|按察使|提督|提調|明教|會典|條奏|清明|滿洲|滿漢|漢軍漢人|熊賜履|王之治|王公|甲戌|癸酉|直隸|科道|總兵|考課|藩院|貝勒|郎中|閩|雲南|雲貴|龐之治,41
1667-07,丁未|七月|侍郎|同知|四川|地方官|太廟|姚文然|學士|官役|實錄|己亥|布政司|康熙|弘文院|戶部|旗人|江南|江西|浙江|湖廣|滿漢|王公|王熙|瑪行|甲辰|癸卯|知府|統穆里|薛所蘊|藩王|通判|都御史,33
1667-08,丙子|八月|壬申|太皇太后|安化|康熙|朔|癸酉|覺羅巴爾,9
1667-09,丁未|九月|十四年|壬寅|實錄|山西|崇德|康熙|張勇|律書|提督|朔|條例|理藩|甘肅|癸卯|盧崇峻|總督|蒙古|藩王|辛丑|部落|陝西|順治,24
1667-10,七年|兵部|刑科|十月|同知|固山|壬申|太原|太廟|孝陵|孫石|守南道|守寧道|守東道|寧武道|尚善|山西|岢嵐道|巡南道|巡撫|己巳|平陽府|康熙|御史|昭陵|時憲|楊熙|永陵|河保營|湖廣道|潞安|王來|癸酉|登仕家屬|登仕為|福建|福陵|給事|縣君婿|繼祖|蕭震疏|親政|貝子|遊擊石|阿喇卜坦|驛傳,46
1667-12,三品|丞|于大海|仁安驛|侍郎|光祿|八旗|十二月|卿|吏部|員缺|啟心郎|四川|壬申|大理寺|太僕寺|宗人府|少卿|布政使|常寺卿|庚午|廣東|御史|成都|按察使|掌印|教習|條奏|滿洲|漢軍漢人|督捕|知事|總兵|舉人|蒙古|言官|議政王|讀學士|辛未|通政|通政使|郎中|都察院|都御史|高雷,45
1667-yun04,丁丑|丁未|乙亥|伯|但錫爵|公|公爵|卿|四月|實錄|康熙|甲戌|索尼|藍旗漢|議政王|貝勒,16
1668-01,七年|元旦|堂子|壬寅|大學士|太皇太后|尼哈番|庚子|康熙|戊戌|戊申|昭陵|朔|朝鮮國王|正月|永陵|王|福陵|藩王|諸王|貝勒貝子|鄭致,22
1668-02,侍讀|內國史院|劉斗|吏部|吳俊親|學士|山西|巡撫|左翼|布政使|常寺卿|常進|平凉|康熙|廣東|戊辰|提督|甘肅|程芳朝|總兵|辛未|達爾布|郎中|阿席熙|陜|魏韜嘯,26
1668-03,三月|侍郎|南苑|同知|喀爾喀會盟|太皇太后|己亥|戊戌|推官|朔|甲辰|知府|祖澤溥|福建|總督|通判|達哈塔,17
1668-04,丁卯|二年|六部|兵部|司官|吏部|四月|太廟|太皇太后|己巳|庚午|康熙|御史|暹羅國|會典|滿漢|鹽政,17
1668-05,七年|乙未|五月|伯車爾布|兵部|努山|太皇太后|實錄|工部侍郎|康熙|戊戌|戊申|成額|提鎮|朔|永陵|盛京|督撫|福建|蒙古|辛丑,21
1668-06,丁卯|佟光|六月|太皇太后|尼哈番|工部侍郎|戊辰|敖色|朔|盛京|襲職|辛未|通政|阿思哈,14
1668-07,七月|乙未|右侍郎|吏部|地方官|太廟|太皇太后|奉天|左侍郎|己亥|常鼐|戊戌|按察使|江西|滿洲|滿漢官|漢軍各官|米思翰|總管|蒙古|西莊浪|陜|麻哈州令,23
1668-08,丁卯|乙丑|八月|周祚|大學士衛|太皇太后|孔子|戊辰|朔|蒙古|藍旗|護軍統|都統,13
1668-09,丁酉|七年|丙申|主簿|九月|伊有財|侍郎|內務府|兵部|吳明|吳瑪護|四年|地方官|太皇太后|奉天|學士|實錄|將軍|將軍江寧|尚書|山東|工部|己酉|庚子|康熙|戊申|戶部|朔|朱之弼|江寧將|河南|湖廣黃岡|王熙|白秉真|盛京|直隸|秘書院|總督|西安|郎中|部|都御史,42
1668-10,丁卯|丙寅|乙丑|侍衛|劉進|十月|太廟|太皇太后|孝陵|學士|左江|康熙|廣西|弘文院|故明|昭陵|時憲|永陵|福陵|秘書院|總兵|鄂善,22
1668-11,丁酉|七年|丙申|五月|劉芳躅|十一月|古溝鎮|古龍|周橋閘|報山|夏家橋|太皇太后|安山|工科|康熙|暹羅國|朔|李宗孔|東巡撫|河臣|泗州|淮揚|淮水|清口|漕|漕運|王森烈|盱眙|給事|縣官|總河|總督|翟家壩|老子|起科|辛卯|邵伯|陸坤司|高寶等|高郵寶應,40
1668-12,三元|丙寅|乙丑|侍郎|兵科|十二月|卞|台吉|喀爾喀戴青|太皇太后|官馬紹|朔|滿洲|癸亥|督捕|給事|總督|貴州|都察院|都御史|雲南,21
1669-01,乙未|元旦|堂子|大學士|太皇太后|尼哈番|己酉|康熙|戊戌|昭陵|朔|李慶|正月|永陵|王|癸巳|福陵|藩王|諸王|貝勒貝子|進春|鮮國王,22
1669-02,丙寅|二月|刑部|右侍郎|太皇太后|左侍郎|張爾素|朔|王清為|甲子|癸亥,11
1669-03,三月|世祖|乙未|兵部|右侍郎|吏部|哈番|外藩|太保|太子|太皇太后|實錄|尚書|山西大同|工部|平遠|明安達禮|朔|甲午|督捕|總兵|纂修|良棟|蒙古|藩院|親王|諸王|貝勒|辛卯|高辛,30
1669-04,吏部|四月|壬戌|太廟|太皇太后|御史|未時|甲子|癸亥|選官,10
1669-05,一月|乙未|五月|兵部|實錄|尚書|巡撫|己酉|康熙|朔|獲鹿柏鄉|癸巳|直隸|辛卯|龔鼎,15
1669-06,世祖|二年|伊思哈|佛倫布|侍衛|侍衛費耀色|侍郎|俞鐸|兄趙布|內閣|八旗|公爵|六月|兵部|典籍|劉之源|劉光|吉士|吏部|吳格塞|吳格塞布|吳格塞額爾德|哈納卓靈|喇哈達|圖爾格|壬戌|外藩|大學士|太師|太廟|太皇太后|學士|宗室|宗文皇帝|宜理布|尚書|尚書噶褚哈|尚書馬邇|巡撫王|工部|左侍郎|己酉|巴泰|布太|布爾善|布達禮|希福|庚申|康熙|康皇后|御史|戶部|教習|散館|斬馬邇|朔|本旗|朱昌祚|正紅旗|汗|汪之洙|海子|滿洲|熊賜|爵班布爾善|王|王傑|王弘祚|王蘭布|班布爾善|瑪塞本|瑪泰|瑪馬邇|畢什克圖|癸亥|白乃心|白旗|碩代桑|碩敬|科臣|科道|穆里瑪|筆帖式|納克羅多|索倫噶爾圖|統穆里|統覺羅塔達|總督|罪班布爾善|考試|舒爾虎|莫佛倫|莫泰|蒙古|薩木布|藩院|蘇克薩哈|蘇爾馬|蘇爾馬班|蘇納海|褚哈|褚哈泰|褚哈濟|褚哈穆里|親政|親王|諸王|議政處|護軍參領|護軍統|費耀色|遏必隆|達布達|達禮|部尚書|郭爾渾|郭爾親|都統|配享|鑲黃旗|阿思哈|領賴塔|額爾德|黨班布爾善,124
1669-07,七月|兵部|刑部|卿|右侍郎|吏部|四川|壬辰|太僕寺|太廟|太皇太后|孫阿圖|尚書祁徹|尚書葉|尼哈番|山東|工部|左侍郎|常寺卿|庚寅|康熙|成額|杭愛|武鄉試|沙喇哈番|河南|癸巳|登聞鼓|直隸|葉成|覺羅勒德洪|覺羅班敦|覺羅碩博會|議政王|貝勒|通政使|達賴|都察院|都御史|阿思哈,40
1669-08,內班布爾善|八月|兵部|博禮|吏部|壬戌|宗人府|宗室|實錄|己酉|康熙|旨班布爾善|王岳樂|白旗|直隸束|諸王|貝勒|辛酉|郭禮|領侍衛內|鹿縣,21
1669-09,九月|壬辰|尋甸府|巡撫|己丑|曲靖|朔|浙江|知府|蔣國柱|辛卯|通判,12
1669-10,世祖|十月|厄魯特|壬戌|外藩|太宗皇帝|太廟|孝陵|封爵|己未|布爾尼|康熙|昭陵|時憲|林丹汗|永陵|王|王爵|福陵|蒙古|藍旗|藩院|辛酉|都統|鄂羅斯察漢汗|阿布柰子|額哲|齊爾汗,28
1669-11,其世職|十一月|卓保子|卓林承襲|台吉|喀爾喀戴青|奉天|將軍吳瑪護|尼哈番|山西|布政使|庚寅|戊子|按察使|江南|江寧|湖廣黃梅|穆成額|辛卯|陜,20
1669-12,十二月|台吉|壬戌|太皇太后|己未|平江|庚申|湖南|王|總督|貴州|阿戎|阿魯山,13
1670-01,丁亥|元旦|喀爾喀扎|堂子|大學士|太皇太后|尼哈番|己丑|庚戌|康熙|昭陵|朔|朝鮮國王|正月|永陵|汗|王|癸巳|福陵|薩克圖|藩王|諸王|貝勒貝子|鎮國將|閔鼎重,25
1670-02,二月|南苑|壬戌|太皇太后|己未|戊午|朔|李化熙,8
1670-03,丁巳|三月|世祖|侍讀|八月|周之麟|國史院|外郎齊|大學士|天命|太和殿|太皇太后|太祖|學士|宗人府|宗文皇帝|左侍郎|左宗正|常鼐|庚申|戊午|朔|杜立德|格爾古德|漕|王岳樂|秘書院|編修|總裁官|纂修|翟延初|董安國|貢士|郡王,34
1670-04,丁亥|丙戌|內國史|參領|史德業|右侍郎|嚴正矩|四川|四月|太廟|太皇太后|威寧|尼哈番|巡徽寧道|巡撫|巡鳳廬|左侍郎|庚戌|康熙|張德地|戊子|戶部|朱萬年|正紅旗|江南|淮揚|淮海|滿洲|田逢|福寧州|福州|福建|總兵|興泉|蘇松常道|襲職|貴州|邵道|阿喇納|院學士,40
1670-05,丁巳|世祖|丙辰|乙卯|五月|初一|劉恒祥|南巡|博濟|吉士|吏部|吳本立|太廟|太皇太后|孝康章|孟亮|巡撫|康熙|張鵬翮|德赫勒|懋功|教習|朱典|李光地|李夢庚|李振裕|李錄|李阜|沈獨立|王|王維珍|祖文謨|耿願|許孫荃|諸王|貝勒|進士|配享|雷趙文|高璜|魯陳琛,41
1670-06,世祖|丙戌|乙酉|二年|五月|內院|六月|典籍|刑部|劉祚遠|十七年|十八年|卜臣|同知|吏部|四川|大學士|太皇太后|實錄|尚書|山東|巡撫|工部|康熙|張德地|御史|戊子|朔|李之芳|李之芳謂|杜鎮|桃源|正月|班布爾善|甲辰|白旗|知縣|秘書院|纂修|考選|蒙古|護軍統|運使|都統|順治|魏裔|魏裔介,47
1670-07,七月|丙辰|乙卯|劉國柱|參領|吳氏|周氏|太廟|太皇太后|宋允昌|廖廷|張氏|撒爾達|文運亨妻|楊氏|正黃旗|江夏|湖廣|滿洲|瑪訥|甲寅|白旗|聶等進|蒙古|藩下|西洋|覺羅|護軍參領|遲彥|鄭氏|阿豐肅|靖南王|養德妻,33
1670-08,丁亥|乙酉|九州|八月|博野|圖海|壽光縣|太皇太后|孔子|孝康章|尼哈番|山東|張宿|張氏|房氏|朔|李應|李格聘妻|楊光廷妻|武縣|河南|泰安|海豐縣|潘九|濱州|王氏|甲申|磁州安陽|襲職|阿思哈|阿育璽子|龍妻|龐氏城,33
1670-09,世祖|丙辰|乙卯|九卿|九月|內院|八月|公額|太和殿|太宗|太皇太后|太祖|宗文皇帝|實錄|庚戌|康熙|掌印|朔|汗|江南|王|甲寅|睢寧縣|科道|襲爵|貝勒|郡王,27
1670-10,丙戌|丹津|乙酉|二十六日|八月|十月|吳應|喀爾喀索諾|太皇太后|孝陵|山東|山東陽信|康熙|廣西|張氏|文廟|昭陵|時憲|永陵|滇|濰縣|癸|碩額|福陵|膠州|臨桂縣|賦喀爾|雲南|韓士,29
1670-11,丙辰|二十一日|二月|內閣|十一月|十七日|十四年|午時|太皇太后|孔子|巳|巴克|朔|甲寅|癸丑|禮儀|翰林院|講官|順治,19
1670-12,乙酉|前明|十二月|吏部|太倉|太皇太后|婁縣|巡撫|朔|江南|浙江|甲申|癸|編修|翰林院|范承謨,16
1670-yun02,丁亥|七年|二月|城外|太皇太后|工部|庚寅|康熙|戊子|朔|東郊|滿|福建|鑲黃旗,14
1671-01,乙卯|元旦|堂子|大學士|太皇太后|尼哈番|康熙|昭陵|朔|朝鮮國王|正月|永陵|王|癸丑|福陵|藩王|諸王|貝勒貝子|辛亥,19
1671-02,二月|兵科|刑部|壬午|奉天|尼哈番|朔|王巴達|甲申|癸未|科爾沁|給事|總督|薩爾札|襲職|貴州|辛泰|阿思哈|阿蜡|雲南|額克錫納,21
1671-03,三月|丞|侍講|侍讀|修撰|傅達禮|利耶夫|卿|壬子|大理寺|奉天|孫在|學士|宋德|宗人府|常寺卿|府尹|張貞生|掌院|朱延禧|李仙根|杜輝|漕運|漢軍副都統|漢軍都統|王印祚|王岳樂|癸丑|白旗|編修|總兵|翰林院|蔡啟|諸王|講官|讀學士|辛亥|都察院|都御史|雲南永北,40
1671-04,世職|侍郎|兵部|司官|吏部|四月|壬午|太廟|太皇太后|安南|山西|巡道|己卯|江南|沙喇哈番|河東守|淮揚|漕米|漕糧|田逢|癸未|督撫|禪塔海奏|總督|貴州|郎中|部|鑲黃旗|阮福祿|阿喇密|雁平,31
1671-05,五月|兵部|劉鴻儒|南巡|右侍郎|太皇太后|尚書|工部|左侍郎|己酉|康熙|戶部|朔|李天浴|田逢|甲寅|白旗|督捕|科爾科代|護軍統|辛亥|領侍衛內,22
1671-06,六月|兵部|刑部|南苑|台吉|右侍郎|喀爾喀諾門|太皇太后|左侍郎|庚辰|戊寅|朔|理藩院|督捕|藩院|辛巳|達禮|阿穆瑚瑯,18
1671-07,七月|四川|壬子|太廟|太皇太后|巡撫|己酉|布政使|庚戌|懋功|甘肅|考成|都司,13
1671-08,世祖|佟浩年|八月|劉斗|參領|四川|國子監|太保|太子|太學|太皇太后|己卯|庚辰|建昌|戊寅|朔日|李如|杭州|查祿|直隸|祭酒|福建|總兵|總督|鄉試|順治|黔西,27
1671-09,世子|九月|固山|太宗|太祖|己酉|庚戌|戊申|提督|朔|汗|江南|滿洲|琉球|總督|藍旗|襲爵|諾爾布子|貝子|貴州,20
1671-10,十月|太廟|孝陵|實錄|己卯|庚辰|康熙|戊寅|昭陵|時憲|永陵|福陵|納爾渾|辛亥|達爾巴|阿煙,16
1671-11,丁未|十一月|喇祜塔襲|太保|太子|尼哈番|山西|巡撫|己酉|戊申|提督|梁化|江南|薊州|覺羅額爾德|鳳少保,16
1671-12,丙子|九州|伯噶都|六安|兵部|十二月|合肥|吏部|巡撫|左侍郎|己卯|平州|廬州|戊寅|文安|新城|普安|普定|曹申吉|朔|江南|督捕|都察院|都御史|霸州|鳳陽,26
1672-01,丁未|三旗|侍衛|侍郎|元旦|八旗|哈里|唐圻|堂子|壬子|大學士|太皇太后|奔氏|妻杜氏|妻柯氏|學士|宋俄圖|察哈爾奈曼|尼哈番|康熙|恩伊|戊申|朔|朝鮮國王|正月|法氏|滿洲|王|王貝勒貝子|癸丑|翁牛特|蒙古|藩王|諸王|貝勒貝子|進春|部落|鄭致,38
1672-02,丁丑|丙子|二月|吏部|大學士|太皇太后|孔子|安嶺|尚書黃機|戊寅|朔|東山廟|興仁堡|馮溥,14
1672-03,丁未|三月|丙午|丞|京城|公索諾穆|兵部|劉秉權|同知|太皇太后|宗人府|尚書|巡撫|常寺卿|廣東|戊申|明珠|暹羅國|會典|朔|王天成|胡之睿|赤城,23
1672-04,丙子|乙亥|光祿|卿|四月|太廟|太皇太后|己卯|慈寧宮|戶部|江南|王秉仁|統喇哈達|都察院|都御史,15
1672-05,丁未|丙午|乙巳|五月|侍衛|吳丹學士|壬子|大理寺|太皇太后|安徽|安慶|實錄|巡撫|常寺卿|康熙|朔|江南|淮安|滁州|郭廷祚|陜|靳輔,22
1672-06,丙子|乙亥|佟國印|六月|參政|參領|四月|巡撫馬祜|平西王|張足法|甲戌|總兵|都察院,13
1672-07,一月|七月|丙午|太廟|太皇太后|工部|甲辰|癸卯|蔡九|貴州省,10
1672-08,儀真衛|元年|八月|公索諾|地丁|壬寅|宿遷|山西|康熙|故鎮國|桃源|江南|淮安|清河|潞城|甲辰|癸卯|穆子|襲爵|覺羅畫|邳州,21
1672-09,九月|壬子|壬申|太皇太后|實錄|康熙|朔|甲戌|癸酉,9
1672-10,十月|壬寅|太廟|太皇太后|孝陵|康熙|昭陵|時憲|永陵|癸卯|福陵|辛丑|駙巴,13
1672-11,侍讀|侍郎|內閣|兼禮部|十一月|圜丘|壬申|太皇太后|孝陵|學士|學士史|己巳|昭陵|朔|永陵|甲戌|福陵|翰林院,18
1672-12,侍郎|十二月|南苑|吏部|壬寅|太皇太后|崇文|巡撫|朔|王清|甲辰|辛丑,12
1672-yun07,七月|乙亥|多羅貝勒|太皇太后|宗人府|尚善|巡撫郎廷|朔|正紅旗|正黃旗|河南|甲戌|統傑|總兵|貝子|軍統領|辛未|開歸|顧應,19
1673-01,三旗|之龍妻|佖|侍衛|侍郎|元旦|八旗|堂子|壬申|多爾木妻|大學士|太皇太后|學士|尼哈番|康熙|徐履升妻|朔|朝鮮國王|正月|滿洲|王|癸丑|癸酉|翁氏|胡妻|舜妻|蒙古|蔡氏|藩王|覺羅氏|諸王|貝勒貝子|辛未|郭氏|關氏|阿克,36
1673-02,七里|二月|今春|口關|壬寅|夏間|太子|太皇太后|少保|庚子|德寧為|朔|杜篤祜|漕運|王光裕|總河|蒙古|蘇爾泰|護軍統|辛丑|郎中|都察院|都御史|都統|鎮國將|鑲紅旗|領赫業,27
1673-03,三月|三河|八旗|地丁|守備|巡撫|庚午|弘德殿|桂東|武清|沅|滿洲|熊賜|癸酉|盧震|蒙古|衡州|諸王|講官|辛未|通州|郴州|鑲紅旗|香河,24
1673-04,京|侍衛|刑部侍郎|吏部|四月|大學士|太傅|太子|太廟|實錄|尚書|己亥|巴泰|庚子|康熙|滿漢|癸丑|碩塞|秦|辛丑,20
1673-05,世祖|丙寅|五月|侍讀|光祿|內閣|卿|右侍郎|四川|太皇太后|孫光祀|學士|實錄|工部|左侍郎|常寺卿|庚午|朔|王度|王鴻緒|直隸|編修|總兵|總裁|纂修|翰林院|辛未|通州|通政|郭廷祚|重慶,31
1673-06,伊爾度|伊爾門|六月|兵部|南汝總兵|卜臣|司通政|圖庫|圖性納|塞爾格克|太保|太子|太皇太后|孫光祀|孫達|宗文皇帝|官柯鐸|少保|少傅|少師布|己亥|常寺卿|年克著|庚子|庫祿克|戊戌|朔|根坤巴|河南|眷懷庫|祿克達爾漢|禮巴圖|穆福席|總兵|胡禮布|葉錫禮|通政使|達爾漢|阿賚希爾|雲南鶴麗,40
1673-07,七月|世祖|乙丑|內閣|兵部|刑科|刑部|右侍郎|吏部|太廟|太皇太后|學士|宋德宜|尚書|巡撫|己巳|布政使|彭之鳳|戊辰|戶部|明珠|碩額|給事|總督|翰林院|臬|駙耿聚忠,27
1673-08,丁酉|八月|卿|大理寺|實錄|尼哈番|己亥|康熙|張英|戊戌|朔|李贊元|滿洲|癸丑|編修|翰林院|蒙古|藍旗|起居注|都察院|都御史|阿思哈|齊爾格申,23
1673-09,丁卯|丙寅|九月|卿|大理寺|太僕寺|太皇太后|少卿|尚書|戊辰|提督|桑峨|陜|雲南|龔鼎,15
1673-10,丁酉|丙申|十月|右侍郎|夕月壇|太廟|太皇太后|孝陵|宋德宜|宗文皇帝|左侍郎|康熙|弘德殿|恩克|戊戌|戶部|昭陵|時憲|歸化城|永陵|祭祀|福陵|董安國|講官|酉,25
1673-11,丁卯|丙寅|九卿|刑部|十一月|壬戌|太皇太后|實錄|康熙|故明|癸丑|白旗|秋審|科道,14
1673-12,丁酉|丙申|乙未|侍講|修撰|十二月|太皇太后|奉天|學士|崔蔚林|府尹|朔|湖廣|瀏陽|翰林院|起居注|都御史,17
1674-01,丁卯|三旗|丙寅|乙丑|侍衛|侍郎|元旦|八旗|公|台吉|堂子|外藩|大學士|太皇太后|奉天|奚氏|妻佛氏|妻孫氏|學士|察哈爾|將軍|尼哈番|巴林|康熙|敖漢扎魯特|朔|朝鮮國王|正月|正黃旗|王|王貝勒貝子|甲寅|科爾沁|蒙古|藩王|諸王|貝勒貝子|金壽|顏圖,39
1674-02,丙申|乙未|二月|兵部|吏部|太皇太后|實錄|巡撫|府尹|康熙|江寧|沅|河南|湖南|甲午|甲寅|講官|輝縣|都御史|駐防,20
1674-03,三月|丙寅|乙丑|兗州|兵部|其察哈爾|孝陵|安慶|岳州|左翼|巴圖|康熙|張華善|昭陵|根特|武昌|永陵|江寧|江寧將|江西|江西省|河南|清明|滿兵|癸亥|福建|福陵|粵東|總兵|議政王,30
1674-04,丙申|乙未|侍郎|傅達禮|勒爾錦|十八日|吳三桂|四月|太廟|太皇太后|學士|實錄|將軍多羅順|康熙|彰德|承郡王|折爾肯|李林隆|武昌|河南|王|甲午|甲寅|總兵|翰林院|范達禮|西安|鄖陽|陽平|陽平關,30
1674-05,乙丑|五月|京|兵部|卜臣|同江|吳國楨|四川|安南|安西|將軍哈爾哈齊|將軍圖|將軍多羅順|將軍希爾根|將軍胡禮布|將軍華善|將軍賴|將軍赫業|尚可喜|尚書|山東|岳州|巴圖|巴爾布|平南王|府尹|廣信|廣西|建昌|彝陵|承郡王|撥什庫|擴爾坤|朱滿|杭州|根特|武昌|江南|江西|河南|浙江|滿洲漢|澧|田六善|甲子|癸亥|福建|筆帖式|翰都統|莫洛經略|西安|軍喇哈達|軍額楚|都御史|鄖襄|鎮東將|阿密達|陜|駐防|魯席布,60
1674-06,世祖|乙未|京|保寧|全川|六月|兵部|南京|卜臣|吳三桂|吳三桂子孫|吳逆|周襄緒|嘉猷|四川|塞白理|太皇太后|安南|安西|宗文皇帝|實錄|將軍圖|將軍多羅順|將軍希爾根|將軍華善|將軍賴塔|將軍赫業|巡撫田逢|工部|巴圖|康熙|廣東|承郡王|提督|朔|李之芳|根特|江西|浙江|湖南|王爵|甲午|甲寅|癸巳|福建|統領|總督|耿仲明|耿精忠|耿繼茂|西安|親王|護衛陳嘉猷|軍喇哈達|郎中|鎮東將|閩省|雲貴,58
1674-07,七月|卿|右侍郎|壬戌|大理寺|太廟|太皇太后|廣東|廣西|戶部|甲子|癸亥|總督,13
1674-08,八月|公圖納|兵部|劉進|勒爾錦|周球|壬辰|大將|太宗|太皇太后|太祖|實錄|將軍貝勒|將軍賴|將軍赫業|尚善|康熙|承郡王|朔|江西|王傑|甲寅|癸巳|石城|科爾沁|總兵|總督|耿精忠|董額|贛|辛卯|遊擊|閩|閩省|霸州,35
1674-09,九月|侍衛|傅達禮|兗州|南昌|史雅賴|吉安|固山|土默特|壬戌|太皇太后|婺源|學士|安徽|宗室|將弁|將軍哈爾哈齊率|將軍希爾根|巡撫|巴爾堪|希爾根|徽州|應奎|扎布|掌院|提督|撫建|易邁|李之芳|李榮|東陽縣|梁大|每佐領|江南|江寧將|江浙|江西|浙江|滿洲|猓|王廷梅|癸亥|統領|總兵|總督|翰林院|蒙古|袁州|襲爵|貝子|贛州|軍副將|軍機|辛酉|都昌|阿席熙|靳輔|饒州,58
1674-10,佟國璽|劉進|十四年|十月|參領|右侍郎|吏部|周卜年|堂子|壬辰|太和殿|太廟|實錄|尼哈番|山西|庚寅|康熙|戶部|提督|昭陵|時憲|李德明|永陵|江西|河南|浙江|海豐|王喇布|甲寅|直隸|石城|福陵|總兵|總督|興國|許貞|辛卯|都督|阿思哈,39
1674-11,九江|侍衛|侍讀|侍郎|保寧|內閣|兵部|兼禮部|副將|十一月|南康|南昌|卜臣|吳三桂|周有德|嚴州|四川|城守尉|大將|太皇太后|姚弘|學士|學士王|安徽|將王廷|將軍希爾根|將陳世凱|尚可喜|巡撫|己未|平南王|平陽|平陽三鎮|庚申|建德|張德地|彭二縣|彭澤|徽州|提鎮|昭化|朔|杭州|每佐領|江西|河南|浙江|湖口|溫州|潼關|營副將|王節|王速|王選|王酌|督標|穆森雅賴|統塞格|經略|總兵|總督|羌|莫洛|董額|蜀中|西安|議政王|辛酉|迦保|都昌|鄂克濟|鄖|鎮守大將|阿喀尼|靳輔|饒州|鮑虎,77
1674-12,何士榮|侍讀|侍郎|偽守備|偽遊擊|傅喇塔|僉事|內閣|兼禮部|劉澤龍|劉震襲|十二月|台州|吳喇諾羅河|吳蘇路|固山|大將|太皇太后|學士|實錄|將軍|將陳鵬|尼哈番|屯黃瑞山|己丑|巴海|庚寅|康熙|廣巡撫|張朝珍|成龍率|折勒氏|曾璽|朔|杜臻|沈益|河南|滿洲佐領|烏喇木倫|王傑|甲寅|知府|祥符|總兵陳理|翰林院|耿精忠|貝子|辛卯|都督|阿思哈|鮮國王,51
1675-01,乙卯|元旦|兵部|十四年|南昌|吳三桂|堂子|大學士|太皇太后|尼哈番|岳州|庚申|康熙|戊午|昭陵|朔|朝鮮國王|李正|正月|永陵|江西|浙江|澧|福陵|糧道|綠旗|耿精忠|衡州|袁州|諸王|貝勒貝子|贛州|辛酉,33
1675-02,乙卯|二月|侍郎|兵部|十四年|吳三桂|大將|太皇太后|實錄|尚善|岳州|岳樂|己丑|庚寅|康熙|廣東|廣西|戊子|承郡王|查布海|江南|江西|湖南|滇|滿兵|猓|王岳樂|留守|總兵|總督|荊|荊岳|荊州|蔡毓榮|袁州|議政王|都昌|鄖|醴陵|陜,40
1675-03,三月|三水|令貝勒察尼|侍郎|保寧|兵部|劉成|劉進|勒爾錦|十九日|十四日|南漳|參贊|固原|大將|太皇太后|將軍|將軍坤|尚善|岳州|巡撫|己未|巴三綱|巴圖|平凉|庚申|廣總督|張朝珍|彝陵|戊午|承郡王|撫臣|楊來|每佐領|江西|涇州|淳化|湘潭|滿兵|潼關|王岳樂|王輔臣|王進|白水|石首|秦州|紫陽路|統領|經略|總兵|興安鎮屬|茅麓|荊州|莽奕祿|董額|蒙古|蒲城|蔡毓榮|蘭州|襄陽|西安|貝勒|貝勒察尼請|贛|都司|關靖|陜|陽之華村|韓城|魯侍衛|鳳縣|龍泉,72
1675-04,世凱|乙卯|五桂寨|偽遊擊|兵部|冷口|十四年|南湖|參將|台吉|吏部|四月|城守|大學士|大將|太廟|奉新|學士|官陳福|定邊|實錄|寧夏|尚書|巡撫|左侍郎|己丑|巴泰|干縣|庚寅|康熙|徐尚朝|戊子|戶部|掌院|李榮|松溪|楚|武昌|武營|武英殿|江西|溫州|滿洲|熊賜|王傑書|王岳樂|王進|甘肅|真定|統領|統馬哈達|總兵|翰林院|花善|蒙古|西寧|西湖|護軍統|遊擊|都尉|都昌|阿喀尼|龍泉,63
1675-05,乙卯|二十七日|五月|佟國綱|侍衛|兵部|十四年|右侍郎|司通政|吳林|安北|宣府|察哈爾兵|將軍|尼哈番|己未|常寺卿|庚申|康熙|張家口|戊午|戶部|朔|杜爾麻|浙江|統恰塔|綽爾濟|總兵|總理|蒙古|通政使|達哈|阿玉席|鞏華城,34
1675-06,丙辰|乙卯|六月|十四年|厄爾德尼|多羅|實錄|巡撫|己未|康熙|廣西|戊午|朔|李梅友|洪明|湖廣|科爾沁|科鄉試|總兵|郡王,20
1675-07,丁亥|七月|勞之辨|南苑|固原|大將|太廟|太皇太后|孫昌期|將軍畢|將軍阿密|平凉|延安|慶陽|戊子|戶部|提督|江南|王輔臣|癸未|白水|秦州|總督|考官|董額|郎中|鄉試|阿密達,28
1675-08,丁巳|丙辰|乙卯|八月|十四年|太皇太后|孔子|實錄|尼哈番|康熙|提督|朔|熊賜履|王屏藩|番|阿思哈|阿達|陜,18
1675-09,丁亥|七月|丙戌|乙酉|九月|二月|侯張勇|偽守備|八月|兵部|初六|勒爾錦|十七日|卜臣|孫思克|將軍多羅順|工部|平凉|承郡王|提督|滿|甘肅|綠旗|總兵|總督|荊州|蔡毓榮|西安|郡王|陜|靜寧州,31
1675-10,丙辰|乙卯|九龍|八旗|八月|兵部|副將|北元口|十一日|十四日|十月|南昌|吏部|夏州|大將|太子|太廟|太皇太后|少保|尚書|平陽|康熙|明珠|昭陵|時憲|李廷魁|永陵|河西|滿漢|營參贊|王傑書|王廷美|王福壽|癸丑|碩額|福陵|立三|糧道|統賴塔|總兵|華色|蔡璋|衢州|郡主|都督|陜|駐防,47
1675-11,丙戌|乙卯|乙酉|二十三日|任德旺|侯張勇|傅達|傅達禮|公圖納|十一月|十四年|十月|台吉|單家河|單實|固原|壬午|大將|太皇太后|實錄|巡撫|巡撫郎廷|工部|左侍郎|常鼐|平凉|平慶道|康熙|弘德殿|張勇|提督|江西|河南|王輔|王輔臣|益門鎮|科爾沁|秦州|統鄂泰|總兵|荊州|董額|諭靖逆將|講官|鄂穆布|陜|鞏昌,47
1675-12,乙卯|十二月|太皇太后|尼哈番|朔|李之芳|河南|浙江|溫台|滾布倫辰|甲寅|癸丑|總兵|總督|襲職|通城|鄂木布弟|閿|阿思哈|陜|靈寶,21
1675-yun05,丁亥|三堡|三月|二十日|五月|元輔|兵部|劉偶|參將|台吉|固原|太皇太后|定邊|寶雞縣|庚寅|廣東|張國勳|惠安|戊子|提督|朔|朱龍|李玉國|東河灘|楊宗道|潮州|甘泉|秦省|秦隴|總兵|蒙古|西陲|軍侯|軍法|遊擊|都司|鎮標|陜|韋州|鳳縣,40
1676-01,丁亥|丙辰|九江|元旦|八旗|兵部|土默特|堂子|大噶爾馬席|大學士|太皇太后|尼哈番|康熙|張勇|提督|朔|朝鮮國王|李廷獻|權大運|正月|江西|滿洲|王進|甲申|癸未|直隸|第夸蘭|統古魯|綠旗|總督|蒙古|西河|諸王|貝勒貝子|貴州|趙賴|軍侯|進寶振|鄔爾徹|陜|鞏總兵,41
1676-02,乙卯|二月|侍講|兵部|刑部|卿|壬子|太僕寺|太皇太后|學士|守備|尚之孝|尚可喜|左侍郎|平南王|庫勒納|廣東|朔|李吉為|潮州|王|王其|王實|王篤守|癸丑|督捕|福建|穆哈|翰林院|講官|軍務大將|郎中,32
1676-03,三月|丙辰|佛尼勒|僉事|公|兵部|冀州|副將|北山|卜臣|吳淑|哈番|圖海|壬午|外委|大將|太皇太后|夸蘭大|實錄|巡撫|席卜臣|平凉|康熙|提督|朔|杭愛花善|海澄公|王爵|王進|甲申|癸未|秦州|聶勒庫|芳度|董額|蔡隆|遊擊|郡王|都司|都督|陜|隴州,42
1676-04,九江|兵部|吉安|吳三桂|哈爾哈齊|四月|壬子|大將|太廟|太皇太后|官馬雲程|尚善|承郡王|提督|江西|沙湖|河南|洞庭|湖南|湖口|王克|王喇布|甲寅|癸丑|筆帖式|總兵|調綠旗|貝勒|貴州|趙賴|額楚,31
1676-05,丙辰|五月|仙居|侯張勇|兵部|功次|十六日|四月|壬午|大將|太皇太后|實錄|將軍佛尼勒|岳州|岳鎮邦|巡撫|布政使|干縣|康熙|提督|朔日|林科|殷自伏|江西|沅|沙一應|湖南|王岳樂|王進|瑞州|癸未|綠旗|總督|羌|舒林橋|護軍統|辛巳|通渭|遊擊|鞏華城,40
1676-06,五月|侍衛|偽遊擊|兩喀喇沁|六月|十二日|南安|參議|參領|吉安|哈岱|喇布|土默特|壬子|大將|太皇太后|夸蘭大|守備|將軍舒恕|將軍華善|平涼|思赫領|敖漢柰曼|朔|每佐領|江南|江西|池州|浮梁|渠陳茂生|滿兵|王喇布|王國柱|王輔臣|甲寅|總兵|總督|翁牛特|蒙古|諾木齊|辛亥|部落|都司|饒南|駐防|鳳凰山,46
1676-07,七月|丙辰|乙酉|九江|偽總兵|六月|兵員外|初六|劉成龍|十九日|南漳|同知|周昌|圖海|土司|土默特|大將|太子|太廟|守備|安徽|實錄|少保|尼果賴|岳州|巡撫|己卯|布政使|平涼|康熙|建昌|提督|新城|李之芳|江南|江西|浙江|湖南|猓|王傑|王喇布|王岳樂|王進|石調聲|統恰塔|總兵|總督|耿精忠|藩院|象山|軍耿繼善|軍貝子|辛巳|遊擊|郎拉篤祜|都司|都督|鄂爾多|鄂羅斯察漢汗|閩寇|阿席熙|靳輔|韓世琦,63
1676-08,八月|兵部|吉安|塞白理|壬子|天津|左侍郎|己酉|按察使|提督|江南|浙江|直隸|薛柱|辛亥,15
1676-09,丙辰|九月|二十三日|二十日|仙霞|八月|公圖海|兵部|參將|台吉|同知|固原|墨爾根|大將|太皇太后|實錄|將軍賴塔|己卯|常山|庚辰|康熙|廣西|提督|朔|李之芳|汗|江西|浙江|浦城|王傑|章京|粵西|統馬哈達|總兵|總督|贛州|辛巳|遊擊銜|都督|金應|閩|陜|鞏華城,43
1676-10,九月|佟國瑤|十九日|十六年|十月|吏部|太廟|尼哈番|己酉|席喇布|庚戌|康熙|提督|昭陵|時憲|李林隆|楊茂勳|永陵|滿漢|福陵|統領|辛亥|鄖江|鄖陽|駐防,25
1676-11,丙辰|乍浦|乙亥|二十二日|前明|十一月|十月|南康|太皇太后|學士|實錄|己卯|康熙|建昌|提督|朔|李琿|楊捷|江寧|江浙|江西|營參將|王嚴|癸亥年|白可愛等|知府|福善君|穆王|總督|纂修|辛巳|金山|鮮國王,33
1676-12,十二月|南苑|己酉|庚戌|戊申|朔|江南|淮揚,8
1677-01,丁丑|丁巳|元旦|八旗|十六年|吳挺緯|堂子|大學士|太皇太后|實錄|尼哈番|己卯|康熙|張友良|戊寅|戶口|朔|朝鮮國王|正月|滿洲|畝徵銀|諸王|貝勒貝子|進春,24
1677-02,丁未|二月|侍郎|內閣|兼禮部|十九日|卿|參領布|太僕寺|太皇太后|學士|戊申|新城|朔|正月|正紅旗|正藍旗|正黃旗|江西|王|穆哈|縣城|總兵|總督|蒙古|許貞|詹事|詹事府|辛亥|項景,30
1677-03,丁丑|丁巳|三月|丙子|伯辛愈|侍郎|侯桑格|傅弘烈|兵部|冠軍使|十六年|吏部|太皇太后|孔四貞|孫延齡|官麻勒吉|實錄|康熙|弘烈|戊寅|成格|托賴|江夏|湖廣|督捕|縣衛|舒恕|西爾圖|覺羅舒恕|郡主|麾使,31
1677-04,丁未|三月初|丙午|二十一日|二十六日|二月|佐領|侍郎|依圖|偽總兵|公圖海|初八|北山|南昌|南門|吉安|喬斌|四月|城守|多諾統|大將|太廟|孫延齡|安遠|將軍多羅貝勒|將軍莽|將軍鄂|尚之信|尚善|岳州|巡撫|己酉|提督|揚威大將|明|曹申|李本深|每佐領|江西|洛河|滿洲兵|王|王同|統領|綠旗|綠旗兵|總督|舒恕|袁州|貴州|贛州|軍希爾根|韓城|韶州|額楚,55
1677-05,丁丑|丁巳|丙子|乙亥|五月|伯|保寧|兵部|十六年|右侍郎|司通政|吏部|哈番|四川|實錄|將軍佛尼勒|左侍郎|康熙|朔|杜臻|江西|督捕|總督|西安|詹事|通政使|達哈|都察院|都御史|鞏華城,30
1677-06,丁未|丙午|乙巳|六月|兵部|刑部|南昌|太皇太后|巴泰|明珠|朔|湖南|王岳樂|總督|袁州|郭岱|項景,17
1677-07,丁丑|丁巳|七月|丙子|乙亥|光祿|兩粵|十六年|卿|吉安|吏部|太僕寺|太廟|太皇太后|實錄|少詹事|尚之信|尼哈番|左侍郎|平南王|康熙|廣東|廣西|戶部|王喇布|碩格色|總督|舒泰|襲職|詹事|詹事府|郎中|阿思哈,33
1677-08,丁未|乙巳|八月|兵部|南昌|卿|固山|外藩|大學士|太皇太后|孔子|尼哈番|巴泰|故鎮國|明珠|武昌|江西|湖廣|湖廣廣東|甲辰|縣君婿|蒙古|議政王|貝子|阿爾素,25
1677-09,丁巳|丙子|乙亥|九月|侍衛費耀色|依圖|公圖海|兵部|十六年|南安|南雄|參贊|大將|太皇太后|實錄|將軍穆|尚善|山西|岳州|康熙|承郡王|投誠總兵|提督|朔|杭奇|武默納|每佐領|江口|湖南|湖廣|湖廣所|湘潭|溫齊|滿兵|滿洲|甲戌|白山|穆舒為|統杭奇|統赫|統轄官|綠旗兵|總兵|荊州|薛起|薛起龍|覺羅|覺羅碩博會|貝勒|軍公圖海|都御史|陜|韶州,53
1677-10,乙巳|光澤山寇|十七年|十四年|十月|吏部|吳興祚|吳達|太廟|安溪|尚書|康熙|徐化|按察使|提督|文福|施廷宇|昭陵|時憲|朱寅|李鈺|林蕙|永陵|江西|甲辰|癸卯|福建|福陵|總督郎廷|達賴|都督,31
1677-11,丁巳|乙亥|侍郎|十一月|十六年|太皇太后|實錄|尚之信|工部|平南王|康熙|廣肇南韶惠潮|朔|甲戌|癸酉,15
1677-12,丞陳貞為|乙巳|刑部|十二月|司僉事|合浦|壬寅|大將|巡撫|布政使|廣東|慕天顏|按察使|提督|朔|江西|泉州|王傑|癸卯|監候|直隸|知縣|統楊鳳翔|總兵|金世爵,25
1678-01,丁丑|元旦|八旗|十七年|堂子|士標|壬申|大學士|太皇太后|實錄|尼哈番|康熙|戊午|戶口|拜色|朔|朝鮮國王|李沉|正月|滿洲|王|王科|畝徵銀|癸酉|總兵|董得榮|蒙古|藩王|諸王|貝勒貝子|酃|鈕氏|領塔爾代,33
1678-02,二月|付賴塔|佛永輝|佟國楨|依圖|傅弘烈|兩廣|兵部|初二|南雄|參贊|哲爾肯|堯|壬寅|多羅溫|大將|將軍莽|將軍賴塔|尚之信|巡撫|平南王|廣西|惠州|提督|揚威大將|李懋珠|梧州|楚勒貝|江寧將|湖南|潮州|潮陽|王可臣|王喇布|王量|甲辰|福建|粵西|總兵|總督|耿精忠|覺羅舒恕|軍統領|軍額楚|辛丑|郡王|郴永|靖南王|韓大任|韶州|額楚|高州,52
1678-03,三月|中山|二十六日|二月|依圖|傅弘烈|劉進忠|十七年|壬申|多羅|太皇太后|將軍職|尚之信|平南王|康熙|廣西|弘烈|戊午|指揮|朔|朱爾札哈|梧州|江東橋|海澄|海澄公|湖南|滿洲|滿漢|漳州|漳泉門戶|王速|癸酉|盧氏端|石碼|福建|科爾沁|綠旗|總督|總督郎廷|翰林院|耿精忠|莽依圖|軍額楚|辛未|郡王|靖南王|韶州,47
1678-04,京口|公噶布|兵部|十七年|南京|參贊|吳逆|四月|大將|太廟|太皇太后|安仁|官黃芳|實錄|將軍傅|將軍穆|將軍華善|尚之信|山海|己巳|希福學士|平南王|平和|庚午|康熙|弘烈|弟黃芳|弟黃芳度|戊午|提標|攸縣|江西|浙江|海澄公|滿洲|漢軍兵|漳州|漳潮間|潮州|王其|王實|甲戌|祖澤清|福建|穆占|筆帖式|統伯穆赫林|統領|總兵|總督郎廷|耿精忠|芳世|芳泰|茶陵|蒙古|薩海|衡州|賴塔|赫納|軍喇哈達|軍統領|軍額楚|閩中|閩省|雅塔|靖南王|韓大任|駙華善|高州,69
1678-05,九貴山|五月|侍讀|倭|公爵|兵部|君山|壬寅|大將|太皇太后|學士|官黃芳|宜昌|將軍林|將軍總督|將軍賴|將軍賴塔|尚善|岳州|巡撫|己亥|常德|庚子|廣東|弟黃芳度|戰林興珠|扁山|提督|朔|沙奏言|沿九貴山|浙江|海澄|海澄公|潮州|澧州|王傑書|福建|統岳爾多|綠旗|總兵|總督郎廷|耿精忠|興珠|蒙古|衡州|親王|覺羅塔|詹事|貝勒|靖南王|領侍衛內|香爐峽,53
1678-06,三月|侍讀|倉嶺|傑書|六月|劉應祥|十七年|十六日|千總侯朝|南京|參將|參贊|吉安|喇哈達|城守營|奉恩將|學士|安溪|實錄|將軍賴塔|尚之信|布政使|平南王|庚午|康熙|戊午|戊辰|按察使|提標後營|李光地|李鈺同|武榮|泉州|浙江|海澄|海澄如|湖北|湖廣|滿兵|滿漢|潮州|王傑書|王國棟|王昶|知縣|福建|納爾台|統領|維國署|縣城|總兵|總督郎廷|興化鎮|蔡寅|蘇爾特|衢州|議政王|軍法|辛未|遊擊|都督|靖南王|高州|高翼辰,64
1678-07,七月|京口|傅喇塔|六月|十七年|南京|吉安|喇哈達|固山|大將|太廟|宗人府|宗室|實錄|將軍穆|山海|己亥|庚子|康熙|廣東|戊午|戊戌|提督|揚威大將|李榮|永興|江西|海澄|湖南|滿兵|漕帥|漢軍兵|王|王傑|王傑書|王其|王可臣|王喇布|碩額|福建|穆占|筆帖式|綠旗|總兵|總督|茶陵|衡州|親王|貝子|贛州|趙賴|軍華善|軍賴塔|郴州|都督|閩省|阿密達|顏保|駙華善,59
1678-08,二月|侯張勇|僧額|八月|兵部|十七年|台吉|司僉事|吳逆|噶爾丹|墨爾根|大宛|大將|太皇太后|學政|安遠|官拉篤祜|實錄|尚善|尚書|己巳|常寺卿|庚午|康熙|戊午|戊辰|按察使|提督|提調|朔|柳林|汗|河套|洞庭湖|海澄公|王傑|番|目永柱|督撫|總兵|耿昭忠|耿精忠|芳泰|萬春來|葉映|裴為|西海|諸番|通事|達爾漢|郎中|都察院|都御史|金山|閩|陜|靖南王|齊爾圖,58
1678-10,丁卯|七月|九月|九月初|二十一日|二月|伊桑阿|佟國楨|依圖|傅弘烈|內閣|兵部|十八年|十月|南贛|參領|右侍郎|吳三桂|哲爾肯|大學士|大將|太保|太子|太廟|安徽|將軍莽|尚之信|尼哈番|巡撫|工部|己巳|平南王|庫祿克|康熙|廣西|戊辰|昭陵|時憲|梧州|正黃旗|永興|永陵|江西|海澄公|湖南|滿洲|王國棟|田六善|碭山縣|祖巡撫|福陵|綠旗|總兵|總河|總督|芳泰|蕭縣|襄武|軍額楚|達爾漢|部尚書|郴州|都督|鑲紅旗|阿思哈|阿賚|靳輔|額楚,68
1678-11,丁酉|三品|侍衛大學士|侍讀|勒爾錦|十一月|十七年|吳雅氏|天嶺|太皇太后|孝陵|學士|學士寧南|安溪|實錄|將軍多羅順|尚書|己亥|康熙|戊午|戊戌|房縣|承郡王|李光地|東橋|泉州|漳平|總兵|翰林院|薊州城|軍喇哈達|郊祀,32
1678-12,丁卯|丙寅|十二月|南雄|太皇太后|將軍舒恕|尼哈番|巴圖|戊辰|朔|楚|每佐領|發額楚|阿思哈|陜|韶州|額楚,17
1678-yun03,三月|參贊|吉安|吳三桂|壬寅|大將|孫延齡|官麻勒吉|將軍貝勒|尚善|尼哈番|岳州|巡撫|庚子|彝陵|承郡王|旨馬雄|朱永升|沅|王|王喇布|王岳樂|粵西|綠旗|綠旗兵|總兵|總督|荊州|蔡毓榮|調綠旗|辛丑|邱義尚|陜|麻勒吉,34
1679-01,丁酉|丙申|元旦|八旗|十八年|堂子|大學士|太皇太后|實錄|尼哈番|己未|庚子|康熙|戶口|曹氏|朔|朝鮮國王|正月|殷氏|溫氏|滿洲|王|畝徵銀|藩王|諸王|貝勒貝子,26
1679-02,丁卯|丙寅|丞馬汝驥|乙丑|二月|依圖|傅弘烈|史馬緝為|吳世琮|大學士|孔子|宗人府|明珠|梧州|滿漢|白旗|議政王|護軍統領|都察院|都御史,20
1679-03,丁酉|三月|丙申|乙未|保定|光祿|全椒|十八年|卿|吏部|吳氏|太皇太后|己未|常寺卿|康熙|御史|朔|歙縣|江南|江氏|督撫|舉博學鴻儒|范承勳|許督|許督撫|體仁閣,26
1679-04,三月|丙寅|乙丑|侗范|倪燦|厄爾德尼|厄魯特|參領勒德禮|台吉|吏部|吳任|吳元龍|吳遠|周慶|嚴繩|四川|四月|圖爾|地爾達|堅李|墨爾根|外郎|太廟|太皇太后|孫俱著|崔如岳|巴拉|巴達里|張烈|張鴻烈|彭孫|得安|必英|方象瑛|施閏章|曹宜溥|曹禾|朱彝尊|李來|李澄中|楊茂勳|正藍旗|毛升芳|毛奇齡|汪楫|汪琬|沈珩|沈筠|清原|湯斌|王|甲子|福建|秦|米漢雯|維崧|總督|纂修|臣陳鴻績|萊|藩院|袁佑|親試|邱象|郎中|鄖陽|金甫|馮勗|黎騫|龍燮|龐,71
1679-05,乙未|五月|任庶|伸陸|佘艷雪|作舟|修撰|修方|劉果|十八年|卿|吉士|吳震方|執信|大理寺|太僕寺|太皇太后|宋敏求|實錄|少卿|左江|己未|常寺卿|庫勒納|康熙|廣西|張光豸|張克嶷|張廷瓚|思丁|承祜|振肅|教習|暐|朔|李孚青|梁弓|楊大鶴|楊雍|歸允肅|汪晉|河北|河南|潘應|王|王沛|甲午|癸巳|盧熙|秦宗游田|編修|總兵|翰林院|莊延裕|詹事|詹事府|進士|都察院|都御史|陸祖,60
1679-06,乙丑|六月|太皇太后|孝陵|宗人府|朔|永州|湖廣|甲子|癸亥|總兵|都察院|都御史,13
1679-07,七月|京|侍郎|十八年|周橋閘|壬辰|太廟|太皇太后|宗人府|實錄|將軍副都統|山陽寶應|岳州|己未|康熙|明代|正紅旗|江都|河臣|河西|淮揚|淮河|清口|潘季|王|甲午|癸巳|盛京|祭祀|總督|翟家壩|運河|鎮國將|靳輔|高郵,35
1679-08,九卿|京|侍衛費耀色|侯爵|傅弘烈|兄黃芳度|內閣|八月|公爵|劉國軒|包衣|十八年|四品|壬戌|大將|太皇太后|姚啟|官實授|實錄|將軍賴|巡撫|左翼|己未|康熙|張朝珍|戶部|月令|朔|柳城|桂柳|武平侯|汀州|江欽|海澄公|湖廣|滿洲|滿漢大學士|漳二郡|漳州|潮州|王傑|甲子|癸亥|福建|科道|總兵|總兵陳昌林|總督|范齊|融縣|西洋|親王|詹事|諸王|議政王|貝勒|賴塔|軍賴塔|遊擊|都御史,60
1679-09,九月|兵部|十八年|台吉|右侍郎|吏部|墨爾根|壬辰|大將|太僕寺|太皇太后|實錄|崔蔚林|左侍郎|己未|康熙|文魁|新寧|朔|木嶺|東安縣|沅州|王|王傑|王其|王喇布|甲午|癸巳|筆帖式|統領|總兵|議政王|貝勒察尼|起居注|軍機|鎮遠|雲貴|靖州|龍關,39
1679-10,今噶爾丹|公圖納|十九年|十八年|十月|厄爾德尼|厄魯特|台吉|壬戌|大學士|太廟|太皇太后|實錄|己未|庚申|康熙|昭陵|時憲|永陵|癸亥|福陵|科爾沁|荊州|部落,24
1679-11,九卿|侍郎|內閣|兵部|兼禮部|十一月|十八年|南巡|卿|司官|壬辰|大理寺|太僕寺|太皇太后|學士|安徽|將軍多羅貝勒察尼疏|少卿|山西|巡撫|己未|康熙|張朝珍|張雲翼|徐元文|掌院|提督|李天浴|湖南|湖廣|滁州|癸巳|盱眙|科道|科道官|總督|翰林|翰林院|虞察尼|詹事|貝勒察尼|辛卯|辰溪|都察院|陜|雲貴|雲貴督撫,47
1679-12,副將|十二月|十八年|周卜世|壬戌|多爾濟子|實錄|尼哈番|峨趙賴|工部|己未|常德|庚申|康熙|廣西|按察使|提督|朔|木嶺|正紅旗|武岡|湖廣|滿洲|癸亥|白旗|知府|綏遠|綏遠將|綠旗|總督|葉穆濟|蒙古|蔡毓榮|藍旗|議政王|護軍統|軍機|軍法|郎中|都統|阿思哈|陜|雲貴|龍關,44
1680-01,元旦|十九年|堂子|大學士|太皇太后|尼哈番|己丑|庚申|康熙|昭陵|朔|朝鮮國王|李觀|正月|永陵|癸巳|福陵|諸王|貝勒貝子|辛卯,20
1680-02,之璋|二月|保寧|初八|初六|勒爾錦貝子|吳丹|四川|四日|國棟|壬戌|太皇太后|將祖澤清|巡撫|己未|平凉|平南王|平湖|廣東|彝陵|彭總兵|徐治|成都|承郡王|提督|昭化|楊宗道|楊茂勳|準達|王之鼎|王璋|王進|督撫|知縣|祖澤清|祖良|縣城|總兵|總督|胡昇猷|至劍州|良棟|荊州|蒼溪縣|藩下|行總督|議政王|軍餉|辛酉|送京師|鄂克濟|重慶|關南道|雲貴|駐守將|高州,56
1680-03,三月|二月|六格|十九年|十六日|南江|太皇太后|安岳|實錄|將軍吳丹|尼哈番|庚寅|庚申|康熙|建威|彭時|戊子|新寧|朔|東鄉|楊來|江西|總兵|襲職|軍門|辛卯|達州,27
1680-04,三月|三法司|中城|五城|京師|今春|六部|刑部|四月|地方官|大學士|太廟|太皇太后|尼哈番|己未|希福|庚申|御史|明珠|李天馥|杜立德|洪之傑|滿洲|白旗|蒙古|藍旗|護軍統領|辛酉|達賴|都察院|阿思哈,31
1680-05,五城|五月|侍衛|侍郎|兵部|十九年|南巡|南澳|司坊|吏部|大學士|太皇太后|官役|定海|實錄|尚書介山|巡捕|巡撫|己丑|平海|庚寅|庚申|康熙|廈門浯嶼|戊子|提督|朔|正藍旗|海壇|番|白旗|知府|知縣|福建|總督|赫德|鄂七爾羅奇|金門|銅山|閩省|阿達|陸海澄,42
1680-06,丁巳|侯官|俞三畏|六月|劉嘉猷|卿|參領|司僉事|同知|吳萬福|嚴弘|嚴弘身|太僕寺|太子|太皇太后|安安|官林本|宜都|將軍多羅貝勒察尼|尤溪|山西太原|左營|廣總督|建寧府|戊午|按察使|朔|李塤|歸忠貞|歸應|每佐領|浙江|滿兵|漢軍副都統|王之儀|白旗|盧揚|知府|知縣|福寧|福州|福建|綏遠|總兵|蔡毓榮|辛酉|遊擊|都督,48
1680-07,七月|伯爵|侍講|侍讀|內閣|兵部|典籍|劉祖漢|十九年|卿|哲爾肯|圖勒德洪|大學士|太廟|學士|守備|實錄|崔蔚林|庚申|庫勒納|康熙|廣西|思古|慕哈速|戊子|提督|提鎮|明珠|李之芳|杜立德|柳州|沈荃|浙江|湖南|滿漢|王鴻緒|甲申|總督|葉方藹|董訥|詹事格爾古德|辛卯|都督|雲貴|馮溥,45
1680-08,丁巳|乙卯|二月|伯宜|八月|兵部|右侍郎|大學士|太皇太后|姚啟|孔子|工部侍郎|左侍郎|康熙|廣東|廣西|戊午|戶部|李英妻|滿洲|白旗|盛京|福建|總督|蔣氏|覺羅沙賴|都司,27
1680-09,丙辰|丞金鼐|九月|八月|兵部|十九年|十二日|十八日|南寧|右侍郎|哈納|四川|固山|大將|太皇太后|宗人府|宜都|實錄|將軍總督|尚書喀代|工部|庚申|康熙|廣西|戊午|朔|柳州|桂林|永州|江南|滿漢兵|爵|王|甲寅|章泰|綠旗|總督|蔡毓榮|貝子|貴州|軍機|軍貝子|阿席熙|雲貴,44
1680-10,丁亥|丙戌|乙酉|兼佐領|十八年|十月|南寧|四川|大將|太廟|官麻勒吉|將軍勒貝|巡撫|巴代|庫禮|康熙|廣西|撥什庫|昭陵|時憲|永陵|沙喇哈番|滿漢|畢泰拜|福陵|給事|郎中|阿濟力,28
1680-11,丁巳|丙辰|十一月|十九年|圜丘|太皇太后|實錄|庚申|康熙|昭陵|朔|正黃旗|永陵|癸丑|福陵|蒙古,16
1680-12,丁亥|丙戌|乙酉|九卿|刑部|十二月|固原|固山|國子監|大將|太皇太后|學士|康熙|提督|明|楊起隆|番|祭酒|福建|章泰|總兵|總督|詹事|貝子|軍圖海|遵義|鄭得勝|阿達|陜|黔,30
1680-yun08,丁亥|丙戌|九卿|侍郎|八月|嘉祥|外藩|宜昌|尚之信|尚書|山東|巡撫|戊子|扎薩克圖|朔|汗|清河|理藩|總督|蒙古|藩院|靳輔,22
1681-01,丁巳|乙卯|元旦|固山|堂子|大學士|大將|太和|太皇太后|尼哈番|康熙|廣西|提督|昭陵|朔|朝鮮國王|桑峨|正月|永陵|江貝子|滇|滇境|癸丑|盤江|福陵|章泰|總督|蔡毓榮|藩王|諸王|貝勒貝子|貝子|貴陽|辛酉|金壽興|鐵索橋|雲南,37
1681-02,丁亥|乙酉|二月|內務府|右侍郎|吏部|太皇太后|孔子|尚書|尚書塞色|左侍郎|徐元文|朔|杜立德|東郊|田六善|甲申|總管|藩院|裴俱著|講官|都察院|都御史|阿穆瑚朗,24
1681-03,三品|三月|丙辰|二十二日|二月|五龍縣|初五|十九日|周應鳳|哈久|哈里|啟隆|固山|壬戌|多索|大將|安南|實錄|將軍總督|將軍鄂克濟|巡撫|平遠|平遠府|康熙|建威|建昌|張足法|徭役|成都|提督|新興|普安|朔|李常輔|楊應|楊雍建|正月|永清|江西|滿漢|王|甲寅|統達漢泰|總兵|良棟|諸王|貝子|貴州|貴陽|軍夏國|辛亥|辛酉|遊擊|鄂克濟|鄉試|酉,56
1681-04,乙酉|伯噶|侍衛|合江|四月|固原|太廟|太皇太后|孝陵|安仁|將軍佛尼勒|建威|德成|恩克|王常寧|王隆禧|甲申|癸未|紅門|納溪江|總兵|總管|覺羅塔達|酉,24
1681-05,七里|三河|主事|五月|劉始|右侍郎|吏部|吳逢|周卜世|壬子|太皇太后|孫蕙|安州|實錄|山西|巡撫|左侍郎|康熙|張所元|懷縣|戶部|提督|李師膺|桐梓|甲寅|癸丑|知縣|福建|科爾坤|總兵|總督|考官|耿飛|薊州|覺羅沙賴|辛酉|通州|遊擊|都御史|鄂愷疏|鄉試|陜|靳輔,43
1681-06,六月|兵部|右侍郎|吳世|固山|壬午|大將|太皇太后|左侍郎|朔|李發|海德|癸未|督捕|章泰|西莊浪|親王|諡號|諸王|護國將|貝子|辛巳|達賴|郡王|陜,25
1681-07,七月|主事|九卿|侍郎|刑部|右侍郎|同年|吏部|哈納|四川|固山|壬子|太廟|奉國將|尼哈番|巡撫|左侍郎|引見|恩克|杜臻|永寧|王麟|癸丑|科道|總兵|總督|董宜斯噶卜|行取|親黨|覺羅塔|詹事|貝子|辛亥|阿思哈,34
1681-08,佘艷雪莊|作舟|修撰|允肅|八月|吉士|吏部|吳震方|執信|太子|太皇太后|孫卓|實錄|將軍總督|少保|巡撫|己卯|康熙|延裕|張光豸|張克嶷|張廷瓚|承祜|提督|教習|施琅|暐|曹鑑|朔日|楊大鶴|楊雍|檢討|汗|汪晉|沈一揆|沈朝初|潘應賓|澎湖|王博果|王沛思|田需|癸未|盧熙|福建|科道|編修|總兵|翰林院|辛巳|辛酉|都督|顧藻,52
1681-09,七年|九月|十七年|南苑|山西|己酉|庚戌|康熙|朔|辛亥|順治|香河,12
1681-10,丁丑|京佐領|兵部|十月|參領|太廟|太皇太后|實錄|庚辰|康熙|昭陵|正黃旗漢|每佐領|永陵|白旗|福陵|耿昭忠|耿聚忠|蒙古|辛巳|辛酉|騎校,22
1681-11,保定|刑部|十一月|卿|右侍郎|同知|大學士|太僕寺|太皇太后|學士|左侍郎|己酉|庚戌|掌院|杜臻|永清|王|王繼貞|總兵|翰林院|胡國柱|葉方藹|言官|辛亥|都督|陜,26
1681-12,三河|十二月|南綏遠|孝陵|實錄|己卯|庚辰|康熙|廣總督|文安|江南|河西|王|畢至仁|直隸|縣夏店|蔡毓榮|薊州|辛巳|辛酉,20
1682-01,三旗|侍衛|侍郎|元旦|八旗|哈喇|堂子|壬子|壬戌|大學士|太和|太皇太后|妻孫氏|學士|實錄|尼哈番|己酉|康熙|戊申|戶口|朔|正月|滿洲|畝徵銀|蒙古|藩王|諸王|貝勒貝子|鮮國王,29
1682-02,二月|吏部|固山|壬戌|太皇太后|實錄|左侍郎|己卯|庚辰|康熙|戊寅|朔|正紅旗|正黃旗|滿洲|蒙古|貝子|都察院|都御史|顧爾瑪,20
1682-03,三月|侍衛|太皇太后|尼哈番|己酉|布政使|庚戌|戊申|按察使|江西|河西|湖南|番|白旗|福建|西岷州|諸王|貝子|遼河|陜|雲南,21
1682-04,乙亥|二十七日|二十六日|以科爾沁|侍衛|兵部|刑部|台吉|四月|壬戌|外藩|太廟|太皇太后|實錄|將軍|己卯|巴克|巴海|康熙|戊寅|故多羅貝勒|松花江|枷號|烏喇|烏喇等|爵|章京|蒙古|諸王|貝子,30
1682-05,丁未|三十日|五月|初一|周岱生|四月|太皇太后|山海|己酉|戊申|按察使|撫寧縣|永平|沙喇哈番|知縣|西平|豐潤縣|齋薩泰沙禮,18
1682-06,丁丑|丙子|侍讀|內閣|六月|午門|史護衛|壬戌|大學士|太皇太后|學士|實錄|康熙|應奎|戊寅|明|江西|滿漢|王喇布|科道官|總兵|螺子山|詹事|詹事府|都察院,25
1682-07,七月|丙午|丹津|乙巳|博碩克圖|厄魯特|太廟|學士陳廷敬|平凉|戊申|掌院|提督|海子|王用予|王進|理藩|章進|翰林院|襲爵|諾敏|鄂木布|額爾克,22
1682-08,丁丑|丙子|乙亥|伯爾赫|佟國卿|侍衛|侍衛伯爾赫|內閣|八月|兵部|參贊|吳逆|噶爾齊|圖納|壬戌|大學士|太皇太后|孔子|學士|宗人府|宗室|實錄|尚書|康熙|扎薩克|朔|梁鼎|沙津|燕代|王弘祚|王熙|瓊州|盛京|科爾沁|總兵|詹事|詹事府|講官|貝勒|貝勒沙津|領侍衛內,41
1682-09,世祖|丙午|乙巳|九卿|九月|保寧|內閣|典章|四川|太和|太宗|太祖|學士禧|宗人府|成都|成都王|汗|滇|滿兵|王進|甲辰|科道|纂修|良棟|茂臻|蘭州|詹事|諭戶部|貢士|貴陽|軍機|金德嘉|鎮遠|鞏昌|黔,35
1682-10,乙亥|二十二年|京口|供奉|保舉|分巡|十月|南道|司官|嘉定|嚴道|四川|地方官|壬戌|太廟|學士|實錄|峨眉|巡徽寧道|巡撫|康熙|廣東|廣西|張德地|張秉彝|張英|提督|昭陵|時憲|杭|東道|東道羅定|桂平|永陵|江南|江右|江西|洱海|浙江|湖東道|湖西|甲戌|癸酉|福陵|科臣|糧道|翰林院|職方|臨元道|臬|蒼梧|蘇赫臣|西分守|貴州|道鬱林道|郎中|鎮標|關南道|關西道|陜|雲南,61
1682-11,三屯|乙巳|十一月|壬戌|實錄|康熙|河西|漢莊|甲辰|癸卯,10
1682-12,三班|乙亥|侍讀|傅臘塔|光祿|內閣|其佐領|刑部|十二月|十月|卿|右侍郎|四月|學士|將軍林|工部|左侍郎|滿洲|王|甲戌|癸酉|翰林院|蒙古|講官|金世鑑|金鼐|鑲黃旗,27
1683-01,二十二年|元旦|堂子|壬寅|大學士|太和|太皇太后|尼哈番|康熙|昭陵|朔|朝鮮國王|正月|永陵|甲辰|癸亥|癸卯|福陵|藩王|諸王|護軍統|貝勒貝子|金錫冑|陵遣官|領伯,25
1683-02,九卿|二月|內閣|公|十九年|喀爾圖|四川|壬申|夔|太皇太后|康熙|建昌|明珠|朔|永寧|滿漢|甲戌|癸酉|科道|翰林院|詹事|起居注|都御史,23
1683-03,三月|二十二年|信安鎮|壬寅|實錄|康熙|甲辰|癸亥|癸卯|苑家口|邱縣|霸州,12
1683-04,二十二年|京城|佐領|八旗|兵部|刑部|右侍郎|噶爾漢|四月|太廟|太皇太后|奉天|左翼|府尹|康熙|房縣|每佐領|江南|江寧|滿洲|漢中|漢中關|玉泉山|甲戌|癸亥|癸酉|秦省|荊州|蒙古|西安|議政王|辛未|駐防|騎校|高爾位,35
1683-05,五月|五龍亭|兵部|千總王|吳泗徐|周勝驤|四川|壬寅|大同|太原|太皇太后|安徽|山東|山西|巡撫|左朝極|巴為|布政使|庚子|康熙|建昌|張仲舉|張斌|成都|按察使|文選司|朱必勝|柯永|楊向|正紅旗|浙江|湖南|滿州|潘上|煥文|玉泉山|癸卯|白旗|白水|知事|穆爾賽|紫光|統莽奕祿|縣典史|總陳永祿|良棟|蒙古|衛使|西安|議政王|鑲紅旗漢|陜|雲南,53
1683-06,二十二年|六月|參領|吳熙|壬申|太皇太后|實錄|庚午|康熙|朔|正紅旗漢|癸亥|癸酉,13
1683-07,七月|二十二年|二十二日|伊桑阿|侍郎|公|六月|劉國軒|十八日|十六日|卿|台吉|吏部|吳英|固山|多羅|多羅貝勒松|天命|太廟|太皇太后|如松|姚啟|安徽|官林賢|實錄|尚書|己巳|布政使|庚午|康熙|廈門|指揮|按察使|提督|教諭|施琅|朱天貴|楊德|武營|沈誠等|海逆|湖廣|湖都克土|澎湖|王定|畢禮袞|癸亥|福建|科爾沁|管領|籠嶼|總兵|翁牛特|興化|藍理|藩院|蘇海|議政王|辛未|遊擊|達賴|郡王|阿喇尼奏|阿魯諸地|魏明,65
1683-08,九卿|侍郎|內閣|八月|兼禮部|博碩克|厄魯特噶爾丹|吳喇忒鎮國|多羅達爾漢貝勒|大學士|太皇太后|學士|尼哈番|工部|己亥|布永興|庚子|張家口|故滿洲|歸化城|王珍|科道|經筵|總兵|總河|翁牛特|蒙古|蕭家渡|詹事|詹事府|講官|講筵|辛丑|都督|雲南鶴麗|靳輔,36
1683-09,九月|乾清宮|二十二年|刑部|南苑|右侍郎|吏部|吳三畏|地方官|堯|左侍郎|己巳|庚午|康熙|張玉書|戊辰|明|朔|溫州|漳州|癸亥|監候|立决|總兵|舜|講官|額星格,27
1683-10,丁酉|丹巴|二十三年|北鎮里|十月|太廟|太皇太后|尚書|巡撫格爾|己亥|康熙|戊戌|戶部|昭陵|時憲|永陵|白廟|直隸|福陵|胡土克圖,20
1683-11,丁卯|二十二年|京|京師|侍讀|傅臘塔|十一月|南苑|太皇太后|學士|實錄|己巳|布政使|康熙|廣總督|戊辰|按察使|湖廣|癸亥|翰林院|詹事|詹事府|雲南,23
1683-12,丁酉|三屯|北山|十二月|吏部|尼哈番|峪口|己亥|戊戌|殷副都統|胡拉禪|遵化|阿思哈,13
1683-yun06,八旗|六月|哈爾山|天津|太子河|太皇太后|奉天|將軍|山東|庚子|朔|栗家口|渾河|濮州|癸卯|納魯河|納魯窩濟|蘇子河|辛丑,19
1684-01,丁卯|三旗|二十三年|伊白里|佟氏|侍衛|侍郎|元旦|八旗|公|厄魯特|台吉|哈納扎|土默特|堂子|外藩|大學士|太和|太皇太后|妻莽氏|妻關|學士|宇政妻|巴林|康熙|扎魯特|敖漢喀爾|朔|朝鮮國王|朱穆秦|杜爾伯特|正月|歸化城|滿洲|王貝勒貝子|甲子|科爾沁|翁牛特|胡什他|蒙古|藩王|諸王|貝勒貝子|賴特|辛未|部落|郭爾羅斯四子|韓氏,48
1684-02,丁酉|世祖|丙申|二月|今之督撫|內閣|大學士|如梅|孔子|學士|安徽|屈盡美|巡撫|庚白|廣總督|張自德|張長|戊戌|浙江|湖廣|王國安|王新命|督撫|穆哈|總督|總督江寧|講官|賈漢|都御史|韓世琦,30
1684-03,一月|丁卯|三月|丙寅|九卿|二月|內鄉|南苑|南陽府|同知|吏部|四月|太皇太后|尼哈番|戊辰|捐納人員|新野|河南|淅川|知縣|科道|縣官|舉人|衛輝府|襲職|詹事|貢監|通判|進士|那木僧|鄧州|鎮平|阿思哈,33
1684-04,丁酉|丙申|二十三年|劉國軒|卿|四月|天津|太僕寺|太廟|實錄|巴圖|康熙|施琅|河南|甲午|甲子|畿輔|總兵|西安|郎中|都御史,21
1684-05,丁卯|丙寅|乙丑|五月|佐領|侍讀|侍郎|內閣|兼禮部|包衣|司通政|吳興|大同|大學士|太皇太后|學士|尚書|居正|浙江|滿洲|牛鈕|福建|總督|蒙古|藍旗|講官|通州|通政使,28
1684-06,乙未|九卿|六月|則例|司官|孫蕙|己亥|甲午,8
1684-07,七月|丙寅|乙丑|二十三年|今薩布素|伊桑阿|八旗|博格|及察哈爾|吏部|四月|圖爾|太廟|孫線柱|實錄|尚書|尼哈番|布政使|康熙|廣西|應藻|按察使|時薩布素|浙江|甲子|蒙古|襲職|議政王|阿思哈,29
1684-08,一品|乙未|八月|台吉|固山|巴林|甲午|癸巳|科爾沁|總兵|翁牛特|貝子|郡主|里昂|陜,15
1684-09,乙丑|九卿|九月|伊爾格圖|侍郎|保和殿|內閣|兵部|兼禮部|右侍郎|大學士|太子|太師|太皇太后|學士|官赫倍|少詹嚴|巡撫|左侍郎|御史|戶部|朔|李時謙|正黃旗|江西|河南|王起|甲子|癸亥|科道|統領|胡簡敬|蒙古|藩院|詹事|詹事府|貴州|賈懋遷|赫納為|郎中|部尚書|鑲黃旗|開海|開海貿易|閩粵兵|閩粵邊|阿喇尼|陣亡例,48
1684-10,二十三年|二十四年|十月|壬辰|太廟|實錄|尚書|康熙|戶部|昭陵|時憲|李花村|永陵|河間|甲午|甲子|癸巳|福陵|苑家口|邱縣|霸州,21
1684-11,乾清宮|侍衛|內閣|十一月|南唐|句容|壬戌|大學士|孫權|學士席爾達|宣德|尚書介山|建業|建極殿|應天|明太祖|明珠|晉代|有明|朔|李氏|東晉|梁陳地|正黃旗|江寧將|滿漢大學士|燕京|玉河|甲子|癸亥|白下|知縣|禹|縣長|荊|蒙古|軍統領|辛酉|都御史|金陵|闖賊|隋唐|靖難|領侍衛內|鳳闕,45
1684-12,二十三年|侍講|刑部|十二月|右侍郎|壬辰|太保|太子|太皇太后|奉天|學士|實錄|康熙|廣總督|徐乾學|成龍|朔|杭州|江南|江西|滿洲|漢軍都統|甲子|癸巳|白旗|翰林院|蒙古|詹事府|軍統領|辛卯|通政使|都統|鑲黃旗,33
1685-01,三旗|乙丑|二十四年|侍衛|侍郎|元旦|八旗|公額|台吉|哈納|喀爾喀七旗|喀爾喀四子|土默特|堂子|外藩|大學士|太和|太皇太后|學士|實錄|庚申|康熙|恩克|戶口|扎魯特|敖漢|朔|朝鮮國王|朱穆秦|杜爾伯|正月|歸化城|滿洲|王氏|甲子|科爾沁|科爾沁扎賴|翁牛特|胡土克圖|蒙古|藩王|諸王|貝勒貝子|辛酉|進春|部落|郭爾羅斯蒿|阿壩,48
1685-02,九卿|二月|兵部|刑部|南巡|右侍郎|壬辰|大學士|太皇太后|崔澄為|巡撫|戊子|校克禮|毛城|江西|洪澤湖|淮水|清河|白洋|直隸|科爾沁十旗|總河|藩院|議政王|貢例|辛卯|都察院|都御史|靳輔|駱馬湖|黑龍江,31
1685-03,三月|乙丑|二十四年|任玥|光祿寺|內閣|右侍郎|吏部|壬戌|大學士|太皇太后|孔子|學士|左侍郎|庚申|康熙|御史|昭陵|朔|正黃旗|永陵|江南|浙江|清明|滿洲|王熙|福陵|統領|翰林院|軍統領|辛酉|鄭為旭|隆德|順治,34
1685-04,一月|世職|中書|中書令|內閣|博士|吏部|四月|大學士|大學士者|太廟|宗人府|崔蔚|己丑|庚寅|王岳樂|王熙|王貝勒貝子|辛卯|都御史,20
1685-05,丁巳|乙丑|二十四年|五月|仇兆鰲|來甫|保和殿|俞長|劉偉孫|劉坤梅|劉涵|吉士|吳之瑜|壬戌|孔廟|宋大業|宋如辰|宋衡|實錄|庚申|康熙|張希良|張明|徐元正|李懋|李朝鼎|李殿|樊澤達|汪灝|汪薇|沈辰垣|王之樞|許承家|許賀來|謝陳常|鄧咸齊|闕里|馮瑞|高曜,39
1685-06,九卿|伊桑阿|六月|兵部|吏部|塞外|太原|尚書|山西|己丑|庚寅|御史|晉撫|漕廣西道|火耗|科道|穆爾賽|詹事|辛卯|錢珏,20
1685-07,丁巳|七月|上駟院|佛倫學士|侍郎|兵部|博洛|台州|司官|堂官|多羅|太常寺|太廟|尚書|己未|庚申|戶部|江南|浙江|牛鈕|科爾沁|筆帖式|郡王,23
1685-08,丁亥|八月|吏部|四川|察罕|尚書|巡撫|己丑|庚寅|朔|李之芳|白鹿洞|都察院|都御史|龔圖,15
1685-09,丁巳|乙丑|九月|二十九日|二十四年|伊瑪圖|八月|博洛|太皇太后|實錄|尼哈番|己未|康熙|徐承祖|徐紹|戊午|汗|王福|醫官|阿思哈,20
1685-10,丁亥|二十五年|侍讀|內閣|十月|喇哈達|太廟|太皇太后|學士|學士馬|山西|巡撫|布政使|庚寅|康熙|廣東肇慶府|戊子|昭陵|時憲|永陵|王|福陵|結案|統喇哈達|聖壽節|鑲黃旗,26
1685-11,丁巳|七品|乙丑|乙卯|九卿|二十四年|十一月|同知|固山|大學士|太皇太后|實錄|布阿霸|康熙|戊午|戶部|書吏|朔日|杜和碩|楚克扎卜子|正紅旗|浙江|滿洲|科爾沁|穆爾賽|纂修|貝子|賦役|郡王|鑲黃旗|雲南|額林臣,32
1685-12,丁亥|乙酉|九卿|任辰旦|何傅|十二月|吏部|周至|唐朝|四川|大學士|尚書|山東|張盈|戊子|成龍|戶部|提督|揚州|朔|朔日|李之芳|河南|淮安|湖北|王熙|直隸|科道|藩司|詹事|賦役|軍統領|達哈|錢珏|鑲紅旗,35
1686-01,三旗|丙寅|丙辰|乙卯|二十五年|侍衛|侍郎|元旦|八旗|公|台吉|土默特|堂子|外藩|大學士|太和|太皇太后|妻顧氏|學士|實錄|康熙|張氏|戊午|戶口|扎賴特|扎魯特|朔|朝鮮國王|杜爾伯特|正月|滿洲|漢軍武景芳妻|科爾沁|蒙古|藩王|覺羅氏|諸王|貝勒貝子|郭爾羅斯奈曼,39
1686-02,三月|世職|丙戌|乙酉|二十五年|二十四年|二月|八旗|十八年|參贊|吏部|哈番|喇希等|四川|大計|太皇太后|尼哈番|康熙|廈門|廣東|御史|朔|江南|沙喇哈番|甲申|番|纂修|都察院|阿思哈|阿達|陜,31
1686-03,三月|丙寅|丙辰|丞|乙卯|二十五年|光祿|卿|司獄|司都事|同知|固原|太保|太子|太皇太后|工部|布政使|常寺卿|平凉|康熙|成龍|按察使|朔|照磨|甲寅|直隸|知事|碩額|經歷|臨洮府|通判|都司|阿山|陜|鞏昌府|駙耿昭忠,36
1686-04,丙戌|丹巴|丹津|乙酉|二十三年|以喀爾喀七旗|保住|公頗爾盆|兵部|刑部|十七年|卓特拔|即爾七旗|厄爾克|參議成|台吉|右侍郎|哈里|喀爾喀七旗|噶爾丹|噶爾旦|四月|圖汗澤卜尊|圖綽爾濟|土謝|地丁|墨爾根|墨爾根濟|外諾木齊|大喇嘛|太廟|太皇太后|尚書|左翼|巴忒馬|巴牙思|布格|希禮|常寺卿|平乃爾|康熙|往爾汗濟農|德木齊|徽盧鳳三府|戴青處|所遣噶爾丹|扎木素|扎薩克|扎薩克圖|木齊格|木齊格隆|格隆員|格隆員外|楚克|歸化城|汗|汗濟農|江南|甲申|胡土克圖|色爾濟格|藩院|西勒圖|車臣|通政使|達爾扎格|達爾漢格|達爾瑪|達賴|郎中|鄂木布|阿喇尼|阿喇尼因|阿海|阿爾必|隆員外|額爾克濟|額爾德尼濟|顏圖,79
1686-05,三法司|乙酉|五月|侍講|侍讀|侍郎|元年|內府|內閣|八旗|兼禮部|太皇太后|學士|常寺卿|庚辰|康熙|徐元|徐廷璽|日講|朔|甲申|翰林院|詹事|起居注|通政使|都察院|都御史,27
1686-06,丹巴|乙卯|六月|吏部|喀爾喀七旗|壬子|太皇太后|尚書|布政使|廣東|扎薩克圖|按察使|朔|汗|湖北|湖南|王定國|癸丑|胡土克圖|胡戴仁|范時秀|西勒圖|達賴,23
1686-07,七月|丙寅|乙酉|二十五年|保舉|刑部|右侍郎|太廟|太皇太后|子費葉|實錄|將軍希福|尼哈番|巡撫|左侍郎|康熙|張可前|御史|戴通|條奏|河南|滿洲漢|特旨|王日藻|癸未|白旗|監督員|糧廳|西安|許堂|賴塔長|輪班|辛巳|阿思哈|陜|駐防,36
1686-08,八月|博洛|古北口|壬子|甲寅|癸丑,6
1686-09,九月|例免|壬午|太皇太后|學士|安南|尹泰|庚辰|徐廷璽|朔|汗|浙江|湖廣興國|癸未|福建|總督|總裁官|西安|詹事|詹事府|通山|駐防|黎維禎,23
1686-10,二十六年|十月|四川|壬子|太廟|太皇太后|尚書|康熙|昭陵|時憲|永陵|沙澄|玉泉山|王|甲寅|祥生|福陵|聖壽節|辛亥,19
1686-11,丙寅|二十五年|內務府|十一月|南巡|吏部|壬午|太皇太后|實錄|將托鼐|左侍郎|庚辰|康熙|徐元文|掌印|朔|王緝植|總管|董訥|辛巳|都御史|鄂爾多,22
1686-12,十二月|壬子|夏店|庚戌|杜爾霸|江南|薊州|辛亥|靈璧縣,9
1686-yun04,世永王琨|丙寅|乙卯|二十五年|刑部|吏部|吳喇忒鎮國|四月|太皇太后|官役|實錄|左侍郎|庫勒納|康熙|掌院|王|王鎬|甲寅|癸丑|程萬坦|翰林院|考試|胡枚|胡枚念|親試|起居注|鄭載|鄭載嵩|高璜|鮮國,30
1687-01,丁卯|二十六年|元旦|八旗|吳氏|堂子|壬午|大學士|太和|太皇太后|實錄|布達禮|庚辰|康熙|戶口|朔|朝鮮國王|正月|滿洲|烏楞額|蒙古|藩王|諸王|貝勒貝子,24
1687-02,丙午|二月|刑部|台吉|太皇太后|安徽|山西|己酉|布政使|庚戌|廣西|按察使|文魁|旗漢|朔|枷號|楚克|江南|盧崇興|福建|立决|蔡毓榮|陜|黑龍江,24
1687-03,三月|侍講|侍郎|內閣|兼禮部|學士|己卯|庚辰|戊寅|暢春園|朔|李振裕|翰林院,13
1687-04,丁卯|丁未|二十六年|侍郎|兵部|右侍郎|吏部|四月|太廟|太皇太后|學士|官調|實錄|工部|布政使|康熙|戊申|比部|督捕|穆禮布|覺羅舜拜|辛亥|郎中|陜,24
1687-05,丁丑|五月|大學士|太皇太后|己卯|戊寅|火耗|貴州|雲南,9
1687-06,丙午|侍講|侍讀|學士|巡撫田雯|日講|江蘇|翁叔元|翰林院|豐潤縣|起居注,11
1687-07,丁丑|七月|乙亥|伯費揚|兵部|右侍郎|太廟|太皇太后|左侍郎|徐乾學|戊寅,11
1687-08,丁卯|丁未|丙午|主事|乾清門|二十六年|余國柱|侍衛|八月|副將|參將|台吉|墨爾根|大學士|太皇太后|孔子|官員丁憂|山西|巡撫馬齊|工部|巴林|康熙|戊申|按察使|武格|淑慧|滿洲|甘肅|白旗|知縣|統阿密|考例|考官|蒙古|試官|進士|郎中,37
1687-09,丁丑|丙子|九月|吏部|姚亭莊|尚書|恩格|木噶山|李之芳,9
1687-10,丙午|乙巳|二十七年|侍郎|內閣|兼禮部|凱音布|十月|司官|司通政|噶世圖|墨爾根|大學士|太廟|學士|工部|常寺卿|戊申|昭陵|時憲|永陵|滿洲|王|王遵訓|白旗|盛京|福陵|聖壽節|胡西塔|莊廣開|蒙古|蔡毓榮|護軍參領|通政使|郎中|都察院|都御史|黑龍江,38
1687-11,乙亥|右侍郎|戶部|王遵訓|都御史,5
1687-12,丁卯|丙午|乙巳|九卿|二十六年|保住|十二月|司官|吏部|天壇|太皇太后|左侍郎|巴克|康熙|慈寧宮|朔|甲辰|蒙古|藩院|襲爵|諸王|貝勒貝子|郊壇|鑲黃旗,24
1688-01,丙子|乙亥|二十七年|元旦|八旗|太皇太后|康熙|慈寧宮|戊辰|朔|楊氏|正月|滿洲|蒙古|諸王,15
1688-02,乙巳|二月|侍讀|侍郎|內閣|兼禮部|固山|太皇太后|學士|巡撫章|巴林|朔|河南|溫春|甲辰|癸|癸卯|貝子,18
1688-03,刑部|右侍郎|實錄|常寺卿|王承祖|總督|通政|都御史|靳輔,9
1688-04,丞|宗人府|李廷松|都察院|都御史,5
1688-06,內閣|六月|卿|吉士|同知|噶爾圖|四川|壬寅|大理寺|太僕寺|學士|少卿|巡撫|左侍郎|庫勒納|彭孫|成龍|掌院|教習|朔|沙河|滿洲|王維珍|癸卯|白旗|直隸|真定|翰林院|蒙古|蘆溝|辛丑|通州|都御史,33
1688-07,一月|七月|丹巴|丹津|二十七年|二十四日|今噶爾丹|伯費揚|佟國佐|佟國維|侍郎|六月|十四日|厄爾德尼沼|台吉|吏部|喀爾喀人|喀爾喀人眾|噶爾丹|噶爾旦|圖克森|圖汗|土謝|壬申|多爾濟|太廟|實錄|將弁|巴爾丹|布政使|庚午|康熙|徐治|御史|德安|應城縣|戊辰|扎卜|扎薩克圖|按察使|提督|文達|汗|湖廣|溫卜|澤卜尊|獨斯諾爾|理藩|總一員|胡土克圖|臧滾布|自杭愛山|臬|至噶爾丹|西海|設站|諭旨|辛未|遇達賴|邊汛,60
1688-08,三屯|侍郎|八月|司官|壬寅|將林葵|巡撫|庚子|徐治|戶部|提督|朔|武昌|盛京|直隸|科爾沁|總兵|辛丑|郡王|雲南鶴慶,20
1688-09,丹巴|九月|二十七年|侍郎|八旗|喀爾喀所告|噶爾丹|大同|宣府|實錄|尚書|左翼|己巳|庚午|康熙|戊辰|文達|明|歸化城|每佐領|汗|滇南|穆祿|統帥|統邁圖|總兵|總督|胡土克圖|范承勳|藍理|貴州|辛未|達爾泰令|邊塞|郭之盈|鄂博|里昂|阿喇尼|阿爾法|雲南|鮑敬,41
1688-10,丁思孔|二十八年|佟國維|侍衛|侍郎|兩司|刑部|努失|十月|吏部|太子|太廟|宮保銜|尚書|巡撫|布雅努|庚子|康熙|彭春|慕天顏|戊戌|成龍|按察使|文達|昭陵|時憲|永陵|湖廣|漕運|王岳樂|王延齡|直隸|知縣|福陵|索爾遜|總督|諾敏|辛丑|阿喇尼|陜,40
1688-11,以科爾沁|兵部|十一月|南苑|堂官|山海|庚午|御史|戊辰|扎魯特|爵|盛京|私參之例|章京|辛未|達里|郭世隆,17
1688-12,二十七年|侍讀|侍郎|內閣|兵部|兼禮部|十二月|參領|右侍郎|學士|實錄|將軍希福為|尚書|己亥|平溪|庚子|康熙|張玉書|戊辰|星安為|朔|正紅旗|江南|浙江|熊賜|燕泰為|石文桂丁父|興化|荊州|蒙古|西安|辛丑|部|部堂|都統,35
1689-01,丁卯|二十八年|京|伯費揚|元旦|兵部|南巡|吏部|堂子|大學士|太和|工部|己巳|庚午|康熙|戶部|昭陵|朔|朝鮮國王|正月|永陵|洪萬容|福陵|藩王|諸王|貝勒貝子|軍法,27
1689-02,七里|二月|侍郎|嚴我斯|將軍郭丕蘇松|尚書|工部|己亥|平陽|庚子|戊戌|提督|李華|杜臻|杭州|梁鼐|浙江|滿洲|無錫縣|王騭|白旗|福建|總兵|總督,24
1689-03,一月|丁卯|三月|上元縣|二十八年|何應元|侍郎|右侍郎|姚蒙景|實錄|工部|己巳|康熙|廣東|徐廷璽|戊辰|成龍|戶部|按察使|李煒|杭州|東郊|江寧鎮江|江蘇|滿洲|王新命|白旗|知府|總兵|總督|蒙古|都督|金山寺|駐防|高承爵,35
1689-04,丁卯|丙寅|九卿|京口|協領|四月|地方官|太廟|官陳平|戊辰|江西|總兵|西安|通政使|都察院|都御史,16
1689-05,丁酉|丙申|乙未|二十三年|二十八年|五月|亳州|實錄|己巳|康熙|御史|旗人|朔|李殿|李殿機|民李殿機|王氏|蕭氏,18
1689-06,丁卯|丙寅|乙丑|六月|吳苑|安徽|尚書翁|工部|布政使|檢討|江南|湖廣|翰林院|起居注,14
1689-07,七月|丙申|乙未|內閣|刑部|右侍郎|吏部|噶世圖|太廟|學士|杭州|甲午|都御史,13
1689-08,乙丑|八月|典章|吏部|封爵|庚申|朔|李尚祜妻|湖南|甲子|胡氏,11
1689-09,乙未|九月|二十八年|壬辰|實錄|己巳|康熙|甲午|里昂,9
1689-10,中山王|乙丑|二十九年|侍郎|內閣|兵部|兼禮部|刑科|功二司|功司|十月|台吉|吏部|喀爾喀汗濟農|喇克圖|太廟|學士|尚書紀爾|康熙|昭陵|時憲|永陵|漢軍都統|琉球|甲子|癸亥|白旗|碩額|福陵|給事|蒙古,31
1689-11,三河|世襲|乙未|二十八年|十一月|古北口|孝陵|宣府|實錄|尼哈番|己巳|康熙|成龍|沙思體理|甲午|癸巳|直隸|通州|阿思哈,19
1689-12,伊桑阿|十二月|大學士|宗文皇帝|明代|滿漢大學士|甲子|癸亥|蒙古|辛酉,10
1689-yun03,丁酉|三月|參領|右侍郎|吏部|己亥|戊戌|朔|杭州|為戶部|王|白旗|都察院|都御史|阿山,15
1690-01,丁酉|二十九年|俞夏益|元旦|公|堂子|壬辰|大學士|太和|太廟|庚午|康熙|昭陵|朔|朝鮮國王|正月|永陵|癸巳|福陵|藩王|諸王|貝勒貝子|陵遣官,23
1690-02,二月|侍郎|十四年|吏部|吳氏|周氏|喀爾喀額爾德尼濟農|四川|固山|壬戌|多羅|太子|安郡王|少保陳世凱|布政使|廣西|按察使|提督|杜氏|江西|洪尼喀|浙江|湖北|王岳樂|甲子|癸亥|盧崇興|科道|章泰|總督|議政王|貝子|郡王|部|陶氏|順治,36
1690-03,七月|三月|二十九年|今喀爾喀汗|兵部|十七年|台吉|右侍郎|壬辰|天津|實錄|尚書|巡鹽|庚午|康熙|廷敬|引課|御史|汗|江蘩|汧|番|癸巳|直隸|督捕|藩院|許三禮|諸濟農|講官|車臣|辛卯|都察院|都御史|阿喇尼|阿達|鹽引,36
1690-04,八旗|刑部|噶世圖|四月|壬戌|太廟|左侍郎|癸亥|蒙古|辛酉,10
1690-05,三河|九卿|二十九年|五月|兵部|吏部|壬辰|大學士|實錄|尚書|庚午|庚寅|康熙|彭鵬|徐元文|朔|武昌|清苑|湖廣|王|知縣|科道|行取|辛卯|邵嗣堯|部尚書|陸隴其|靈壽縣|麻城,29
1690-06,一月|侍郎|八旗|六月|古北口|司官|四書五經|壬戌|己未|巴林|庚申|戶部|朔|烏爾扎|科爾沁|翁牛特|赫納|郎中|阿喇尼|阿山|霸昌道,21
1690-07,七月|二十九年|京口|佟國綱|侍郎|信郡王|公|兵部|努喇克達|參將|參贊|古北口|台吉|各扎薩克|喜峰口|噶爾丹|土謝|多羅|大同|大將|天津|太廟|學士|實錄|將弁|將軍和碩|尚書|工部|己丑|布彥|庚午|庚寅|康熙|張家口|彭春|御史|明珠|歸化城|江蘩|沙津|王|王常寧|王沙津|王福|王福全|王貝勒貝子|直隸|科爾沁|穆哈|筆帖式|管官|統蘇爾米|綠旗兵|董元卿|蒙古|設站|軍法|辛卯|遊擊|達爾沙|遵化|邁圖|鄂扎|鎮標|阿密達|阿海|雅布|額爾克|鮑敬舊,69
1690-08,三岔口|丹巴|二十九年|八月|博碩克圖|古北口|噶爾丹|多爾濟|大將|實錄|尚書|己未|庚午|庚申|康熙|戊午|朔日|汗|汗澤卜尊|滿丕等|烏闌滾|特祜|特祜等述|王福全|羈縻|胡土克圖|蘇爾至|述濟隆|達賴|阿喇尼|阿爾必,31
1690-09,丁亥|九月|二十九年|二十八年|二月|京城|侍衛|侍郎|保定|地丁|大名|大學士|奉天|宗室|將軍|巡撫|庚寅|康熙|戊子|戶部|河南|河間|漕糧|盛京|直隸|真定|諭戶部|閻興邦|阿喇彌等|順天|順德廣平|齊蘭布,32
1690-10,丙辰|丞|乾清宮|乾清門|二十九年|侍郎|保定|克三額爾|八月|公福|兵部|十月|古北|古北口|喇沁王|喜峰|土木|外郎|大名府|大將|太廟|密雲縣|實錄|己未|庚午|康熙|戊午|成龍|昌平|明珠|昭陵|時憲|榆林|歸應|永陵|清宮|滿洲|王|王福全|盛京|直隸|福陵|章京|胡土克圖|蒙古|費揚古|通判|通州|阿密達|額爾賀,50
1690-11,丁亥|京口|佟徽年|侍郎|俄儂|兵部|凱音布|十一月|參領|大貝勒|學士|左翼|常寺卿|庚寅|廣東|戊子|杭州|永平|汗|灤州|理藩院|盛京|胡昇猷|英王|覺羅舜拜|貝勒|邵鳳翔|都察院|都御史,29
1690-12,丁巳|丙辰|伯|十二月|南京|吏部|大學士|太傅|太子|學士|官陳奇|尚書|巴泰|張英|戊午|掌院|提督|朔|正紅旗漢|江南|浙江|王毓秀|翰林院|貴州|起居注|金世榮,26
1691-01,丁亥|三旗|丙戌|侍衛|侍郎|元旦|八旗|公|台吉|吳喇忒奈曼|吳朝林妻|吳氏|哈納|土默特|堂子|外藩|大學士|太和|妻納氏|學士|實錄|巴林|康熙|戶口|扎魯特蘇|敖漢|朔|朝鮮國王|朱穆|李沉|杜爾伯特|正月|毛明安|滿洲尼堪|特阿霸|王貝勒貝子|科爾沁|秦喀爾喀喀喇沁|納噶楚賴|翁牛特|蒙古|藩王|諸王|貝勒貝子|辛卯|辛未|郭爾羅斯,47
1691-02,丁巳|丙辰|九卿|二月|京城|京師|侍讀|侍郎|內閣|兵部|兼禮部|右侍郎|司僉事|城外|大學士|孔子|學士|學士王|學政喀爾喀博碩克圖|官調|尚書|巡捕|戊午|按察使|提調|朔日|河南|海澄公|滿洲|熊賜履|王熙|督捕|科道|翰林院|蒙古|襲爵|詹事|軍統領|郎中|鑲黃旗,40
1691-03,丁亥|三月|乙酉|仲尼|元旦|典章|參領|尚書|戊子|朔|朱熹|滿洲|纂修|金元|鑲紅旗,15
1691-04,丁巳|丙辰|侍郎|兵部|古北口|四月|太廟|宣府|實錄|左侍郎|康熙|按察使|明珠|浙江|甲寅|盛京|直隸|總兵|蔡元|覺羅舜拜|辛未|通永道,22
1691-05,丁亥|七旗|三跪九叩|丙戌|丹巴|乙酉|五月|伊桑阿|侍衛|侍郎|內務府|博碩克圖|台吉|吳達|喀爾喀七旗|喀爾喀汗|喀爾喀汗濟農|噶爾丹|圖汗|圖汗澤卜尊|土謝|墨爾根濟|多羅諾爾|大學士|尚書馬齊|巴朗|扎薩克|扎薩克圖|明珠|朔|汗|汗澤卜尊|活佛|澤卜尊|濟農|畢喀爾喀汗|總管|胡土克圖|蒙古|薩克圖|藩院|親王|諸王|貝勒貝子|車臣|阿山|阿海|阿玉錫|額爾克,49
1691-06,丙辰|丹巴|丹津|乙卯|何龍文|修撰|傅臘塔|光祿|公|六月|兵部|典章|刑部|劉琰|卿|厄魯特|厄魯特人|叔琳|台吉|右侍郎|吉士|吏部|吳昺|周惕|唐古特|喀爾喀扎薩克|喀爾喀降|噶爾丹|四月|圖汗|圖爾|圖爾額爾克濟|土謝|外郎|多爾濟|大學士|姚弘|姜承張|實錄|尚書|山西|左翼|巴圖爾額爾克濟|布政使|康熙|張壽|張孝時|張桂芳|徐晟|戴有祺|戶部|扎薩克圖|教習|曾慶毛|李燕生|李象|格什理|楊中|楊名|歸化|汗|汗澤卜尊|江夏|江球|江西|滿兵|狄億潘|王傳冉|王奕清|理藩院|癸丑|白旗|綠旗|編修|總兵|總督|翰林院|胡土克圖|胡麟|色爾濟|西安|講官|護軍參領|貝勒貝子|車臣|辛未|進士|達賴|郎中|郡主|郡王|閻錫爵|阿金|額爾德尼,94
1691-07,七月|侍郎|內閣|公|兵部|兼禮部|刑部|刑部侍郎|右侍郎|國子監|圖爾額爾克濟|圖納哈為|壬午|外郎|太廟|學士|寧夏|將軍|巴圖爾額爾克濟|巴圖爾額爾克濟農|德昌|戊子|格什員|格什等|沙喇哈番|涼州|滿兵|王|理藩|甘州|甲申|監候|祭酒|第三日|總兵|總督|葛思泰|西安|軍機|郎中|部|部尚書|都御史,43
1691-08,光祿|八月|卿|噶邇|四格|壬午|布政使|漠虎爾察罕|甘肅|甲申|癸未|秦|薩為|領伯,14
1691-09,九月|史赫|四川|壬子|實錄|巡撫|康熙|按察使|松茂道|洛昂|滿洲|烏闌蒿|癸丑|白旗|福建|穆祿|衛既齊|西哈台|貴州|辛亥|辛未|都御史|齊特,23
1691-10,三十一年|京口|傅伸|光祿寺|十月|卿|卿噶邇|壬午|大理寺|太廟|學士傅|官調|康熙|掌院|昭陵|時憲歷|永陵|癸未|福陵|翰林院|薩為|西安|起居注|辛巳,24
1691-11,公福|冠軍使|十一月|圜丘|己酉|昭陵|朔|永陵|癸丑|福陵|辛亥,11
1691-12,三十一年|三十二年|九卿|京|京口|分府|劉順|十二月|參領|地丁|壬午|大學士|大定|庚辰|杭州|永州|江寧|浙江|湖廣|滿洲|漕米|漕糧|漕運|灣副將|瑞安|福建|總兵|荊州|藍旗|貴州|辛巳|都督|龍西庫,33
1691-yun07,七月|世祖|丙辰|二十七年|二十三年|保和殿|兼禮部|刑部侍郎|南昌|四川|大學士|太子|太師|將陳祚昌|尚書|己酉|巴圖爾額爾克濟|康熙|朔|杜立德|江西|甲寅|盛京|索諾木|總兵|總督|蒙古|西海|軍機|遊擊|陜|隆額,32
1692-01,三十一年|三旗|元旦|八旗|公|台吉|哈納|喀喇沁奈曼|土默特|堂子|壬子|壬申|外藩|大學士|客氏|實錄|巴林|庚戌|康熙|戶口|扎魯特四子|敖漢|朔|朝鮮國王|正月|毛明安|滿洲|王氏|王貝勒貝子|直隸|科爾沁|翁牛特|英阿達|蒙古|西安|諸王|貝勒貝子|辛亥|部落|陜,40
1692-02,丹巴|二月|佛倫|同知|吏部|吳正治|四格|壬午|多羅達爾漢卓禮克圖|大學士|太保|太子|尚書|尼哈番|巡撫|庚辰|庫勒納|朔|東郊|武英殿|漕運|熊賜履|王新命|總督|董訥|襲職|護軍統|辛巳|運河|郡王|部尚書|部落|阿思哈|靳輔|領伯,35
1692-03,三月|內務府|刑科|吏部|吳丹|大學士|奉天|尼哈番|山海|巡撫|己酉|布政使|庚戌|朔|永平|沙喇哈番|玉泉山|玉田|王|甘肅|皇莊|直隸|給事|總管|豐潤|辛亥|通州|郭世隆|關監督|阿思哈,30
1692-04,三十一年|公|刑部|卿噶邇|參領|司通政|同知|四月|壬申|大學士|大理|大理寺|太廟|守遊擊|實錄|尚書|巴為|庚辰|庫勒納|康熙|御史|戊寅|枷號|正紅旗|滿洲|熊賜|王新命|甲申|科道|總督|自盜律|范承勳|蒙古|薩為|護軍統|貴州|軍統領|通政使|部尚書|都察院|都御史|韓作棟,42
1692-05,五月|侍郎|內閣|八旗|兵部|兼禮部|凱音|卿|右侍郎|司官|地方官|大同|大理寺|太僕寺|學士|尚書馬齊|山西|巡撫|工部|己酉|布政使|平陽府|庚戌|廣西|戶部|按察使|歸化|歸化城|潼關|王維珍|葉穆濟|西安|貴州|辛亥|部|陜|領碩鼐,37
1692-06,丁丑|佛葆襲|六月|吳爾圖|喜子|宋犖|尼哈番|巡撫|己卯|巴圖|布政使|庚辰|思翰|旗漢|朔|歪庫|江蘇|江西|浙江|統索柱|統領|綽什|阿思哈,23
1692-07,七月|丙午|公|六旗|右春坊|太廟|庶子|戊申|日講|王諾內|癸丑|碩達爾漢親|赫充|起居注|額席,15
1692-08,丁丑|三十一年|令善|八月|副將|古北口|四格|壬申|姚儀|官林葵|官鶴麗|密雲縣|實錄|己卯|康熙|廣沅州|恩格|戊寅|朔|木噶山|沈莊|王廷彪|總兵|蔡元署|護軍統|雲南鶴麗|領伯,27
1692-09,丁未|乙巳|九月|伊瑪圖|戊申|朱爾喀岱昂,6
1692-10,丁丑|三十一年|三十二年|丙子|乙亥|侍郎|公福|公長|兵部|十月|吏部|喀喇沁|壬申|太廟|宗室|實錄|康熙|昭陵|時憲歷|正藍旗|永陵|滿洲|白旗|福陵|舒恕|蒙古|軍統領|達爾沙|郡王|鄂羅斯|鑲紅旗,31
1692-11,丁未|丙午|乙巳|十一月|四川|孫志道|孫氏|安徽|朔|總督|葛思泰|襲爵|通政使|都察院|都御史|陜,16
1692-12,乙亥|侍讀|十二月|右侍郎|學士|左侍郎|戊寅|日講|朔|王|王澤弘|癸酉|翰林院|起居注|部,15
1693-01,三十二年|丙午|乙巳|元旦|八旗|兵部|厄魯特噶爾丹|哈密|噶爾丹|噶爾丹眾|土謝|堂子|大學士|大草灘|太和|太宗|太祖|孫思克|富察氏|實錄|將軍薩布素|康熙|提督|朔|朝鮮國王|正月|滿兵|滿洲|王沙津|甘肅|甲辰|番|癸酉|科爾沁|胡土克圖|蒙古|藩王|諸王|貝勒貝子|貝子察汗|邊塞|青海|駐防,43
1693-02,丙子|乙亥|二月|大學士|歸化城|甲戌|西安|貴戶部,8
1693-03,三月|丙午|乙巳|昭陵|暢春園|朔|永陵|清明|癸卯|福陵|秦省|華山,12
1693-04,三十二年|公|四月|太廟|實錄|己卯|康熙|甲戌|癸酉,9
1693-05,丙午|五月|侍衛|厄魯特|參領|吳大禪|哈番護|朔|甲辰|癸卯|白旗|蒙古|齊蘭布,13
1693-06,三旗|丙寅|中書|乾清|侍郎|內務府|內閣|六月|四川|學士|宋敏求|尚書|廣東|張蓮為|李懋為|李承紱|檢討|檢討孫|清宮|滿尚書|滿漢|王奐|王貫|甲戌|癸酉|福建|編修|總管|翰林院|考官|西暖閣|鄉試,32
1693-07,七月|三十二年|協領|四川|壬寅|太廟|山東|左翼|平度|康熙|張氏|曲阜|會理州|王氏|甲辰|癸卯|科則|臨邑縣|荊州|鄒平縣,20
1693-08,三十三年|三十二年|二十七年|二十三年|二十二年|二十五年|二十六年|五城|八月|兵部|十七年|十八年|十六年|四川|地丁|壬申|守備|實錄|庚午|康熙|廣西|廣西省|戶部|提督|朔|李林盛|泗城|甲戌|癸酉|縣鎮安府|西林|西隆|貴州|貴州雲南,34
1693-09,九月|介休|內閣|壬寅|多羅|學士德珠|安郡王|山西|布爾哈|庚子|忻州|癸卯|碩妃|西安|西督撫|陜,16
1693-10,三十三年|主考|九卿|二年|佐領|佛葆為|八旗|刑部侍郎|十月|吏部|土默特|壬申|太廟|安北|尚書|山東|布政使|庚午|康熙|彭鵬|徐倬|戶部|按察使|揚古|昭陵|時憲歷|書班迪|杜思噶爾尚|楊廷耀|歸化|歸化城|每佐領|永陵|滿兵|畢理且|盛京|福建|福陵|科爾坤|科順天|給事|考官|舉人|蒙古|言官|議政王|辛未|都御史|鄉試,49
1693-11,三十二年|侍衛|劉國軒|十一月|大學士|天津|太子|實錄|山東|山西|庚子|康熙|戊戌|朔|癸酉|總兵|蒲州|辛丑|辰刻|隆科多,20
1693-12,伊桑阿|侍郎|內閣|兵部|兼禮部|十二月|右侍郎|司官|吏部|大學士|學士|宗人府|己巳|庚午|朔|江南|清河|盧騰龍|知府|蒙古|藍旗|護軍統|辛未|都察院|都御史|都統,26
1694-01,三十三年|三旗|元旦|八旗|公|厄魯特|台吉|哈納|土默特|堂子|外藩|大學士|太和|妻孔氏|實錄|己亥|巴林|庚子|康熙|戊戌|戶口|朔|朝鮮國王|朱穆|杜氏|柳命天|正月|毛明安|滿洲|甲戌|科爾沁|秦喀爾|翁牛特|蒙古|藩王|諸王|貝勒貝子|部落|郭爾羅斯扎魯特|關氏,40
1694-02,丁卯|二月|兵部|冀寧道|刑部|司僉事|司官|四川|圖爾額爾克濟|大學士|天津|學政|山東|山西|岳宏譽|巡撫|己巳|庚午|廣東|廣西|引見|思南|戶部|承郡王|按察使|提調|摺|朱大任|林麟|武之亨|江西|浙江|湖廣|漕糧|王|知府|福建|義暉|貴州|郎中|郭世隆|陜|雲南|霸州|騎郎員|騎郎護衛,46
1694-03,三月|侍郎|南苑|口北龍潭口|多羅貝勒|巡撫|己亥|常書|庚子|戊戌|李賢村|爵|直隸|至西沽|蔡家營|通州|郭世隆,17
1694-04,丁卯|三十三年|佛倫|侍郎|四月|太廟|實錄|將軍|將軍博霽調|將軍郭丕以|尼哈番|屈盡美|山東|巡撫|己巳|康熙|張長|戊辰|暢春園|杭州|桑額|江南|甲戌|盛京|知縣|總督|襲職|西安|霸州|韓世琦,30
1694-05,丁酉|九卿|五月|京|內閣|兵部|右侍郎|司官|喇克巴|喇木扎|噶爾丹|天津|學士王|學政|尹方|工科|工部|庚子|彭鵬|戊戌|提督|揚古|摺|朔|李光地|歸化|歸化城|盛京|給事|綠旗兵|順天,31
1694-06,丁酉|三十三年|侍讀|侍郎|傅德為|內閣|六月|兼禮部|參領|吏部|大學士|天津|學士|學士陶|官額爾赫|實錄|將董|山東|山西|工部侍郎|康熙|徐治|成龍|拉塔|提督|星安|星安等|朔|李氏|江南|江西|涼州|甲午|甲戌|盛京|總兵|總督|蒙古|辛丑|都御史|鑲紅旗|陜,42
1694-07,丁卯|七月|丙寅|主事|侍郎|保舉|內閣|公|右侍郎|吏部|地丁|塞外|大學士|太廟|奏銷|學士|尚書|尚書索諾|左侍郎|布彥|庫勒納|戊辰|成龍|戶部|旗員|杜徵新|漕運|漢人|熊賜|王|理藩|理藩院|糧例|縣衛|總督王|考成|耶庫勒納|都察院|都御史,39
1694-08,丁酉|丙申|乙未|八月|博和齊昂|孔子|阿蘭泰,7
1694-09,三十三年|丙寅|乙丑|九月|婦戴氏|實錄|康熙|戊辰|李氏|甲戌|穆祿|達巴漢|陜,13
1694-10,三十四年|丙申|丹達|乙未|十月|吳赫為|四川|壬辰|太廟|宣化|巡撫|布政使|康熙|按察使|故漢軍都統|昭陵|時憲歷|永陵|監督|碩額|福陵|總督|貴州|都御史|阿山|陜,26
1694-11,丁卯|丁思孔|乙丑|十一月|朔|癸亥|盧氏|總督|貴妃|貴州,10
1694-12,乙未|十二月|建昌|甲午|癸巳|遷安縣,6
1694-yun05,丁卯|丙寅|五月|妃|工部|戊辰|成龍|朔|毛城|王|翰林|雅布,12
1695-01,三十四年|三旗|乙亥|侍衛|侍郎|元旦|八旗|厄魯特|土默特|堂子|壬戌|外藩|大學士|太和|妻杜氏|學士|實錄|岳爾濟|岳爾濟山|巴林|康熙|恩克|戶口|扎魯特|朔|朝鮮國王|朱穆秦|李氏|杜爾伯特|枯倫貝爾|正月|毛明安|滿洲|烏喇|烏喇墨爾|甲子|癸亥|盛京|科爾沁喀爾|索岳爾濟|蒙古|薩布素|藩王|諸王|貝勒貝子|赫氏|郭爾羅斯,47
1695-02,世職|二月|八旗|墨爾根|大計|教官|教習|滿洲|甲午|癸巳|諸佐領|辛卯,12
1695-03,三月|五品|僉書|六品|兵部|刑部|參將|噶世圖|四品|壬戌|大學士|守備|左侍郎|掌印|朔|癸亥|翰林|衛千總|辛酉|遊擊|都司,21
1695-04,丙申|四川|四月|壬辰|太廟|己丑|建昌|暢春園|杭州|沙哈禮|總兵|都察院|都御史,13
1695-05,三十四年|乙亥|五月|參領|嚴泰|壬戌|實錄|山西|巡撫|巡撫噶爾圖|平陽|平陽府|康熙|洪洞|甘肅|癸亥|總兵|辛酉|鎮標,19
1695-06,侍郎|內閣|八旗|六月|兵部|右侍郎|吳興祚|哈密|喀爾喀貝勒|嘉峪關|噶爾丹|四格|城守尉|大學士|孫思克|學士|將軍副|嵩祝|工部|庚寅|張素儀|扎布|提督|敖拉|暢春園|朔|朱都|李林隆|林隆|根敦|歸化城|甘州|甲午|盛京|納學士|統方額|統齊蘭布|衛將|護軍統領|軍博霽|軍希福|辛卯|黑龍江,43
1695-07,七月|侍郎|內閣|兼禮部|吏部|國子監|太廟|學士|庚申|楊奉|漕|漕運|王|癸亥|監造|祭酒|總督王|衛千總|辛酉|駐防,20
1695-08,三十四年|乙亥|侍讀|侍郎|內閣|八月|兼禮部|大學士|學士|實錄|山東|巡撫|己丑|布政使|庚寅|康熙|成龍|按察使|朔|楊鳳起|江南|湖南|總督|良棟|蒙古|辛卯|阿蘭泰,27
1695-09,九月|內閣|刑部侍郎|壬戌|學士|尚書|山東|巡撫|己未|布政使|庚申|戶部|按察使|李迥|武昌|河南|湖廣|王騭|福建,19
1695-10,三十五年|主事|主事員|九卿|任原|保舉|公|十月|員外|壬辰|外郎|大學士|太廟|寧夏|山東|山西|巡撫|己丑|庚寅|康熙|引見|戶部|昭陵|時憲歷|木扎爾陀音|永陵|河南|湖南|湖廣|滿漢兵|王|直隸|福陵|筆帖式|總督|聖壽節|西安|貝勒貝子|郎中,39
1695-11,丁巳|三十五年|三十四年|乙亥|侍郎|兵部|十一月|奉國將|宣化|實錄|山東|嵩祝|巡撫|己未|布政使|庚申|康熙|按察使|朔日|朱都|浙江|渾子蘭鼐|湖南|盛京|直隸|福建|納學士|龍門,28
1695-12,五品|侯|十二月|吳丹|固山|大將|安北|官阿爾必|將軍伯費揚|己丑|意而納|戊子|暢春園|木扎爾陀音|李廷燮|特祜|特祜歸|胡土克圖|蒙古|貝子|車卜登|辛卯|辛未|阿爾必,24
1696-01,丁巳|三十五年|三旗|丙子|元旦|八旗|台吉|喀喇沁|土默特|堂子|外藩|大學士|太和|妻黎氏|實錄|巴林|庚申|康熙|戊午|戶口|指揮|文英護|朔|李世|杭氏|正月|每佐領|洪亮|滿洲噶思哈妻|王貝勒公|科爾沁|科爾沁喀爾|統杜思噶爾石|蒙古|藩王|覺羅氏|諸王|貝勒貝子|軍統領|鄂克濟|阿敏妻|鮮國王,42
1696-02,丁亥|三十五年|丙子|丙戌|二月|大學士|孔子|孝陵|實錄|康熙|戊子|戶部|李天馥|翁牛特|薊州,15
1696-03,丁巳|三月|丙辰|二十四日|二月|公|公福善|南口|古北口|土謝|堂子|大將|居庸|巴顏|戊午|木扎爾陀音|榆林|沙河|王沙津|科爾沁|諸王|貝勒貝子|都御史|阿山|阿毓璽,25
1696-04,丁亥|三十五年|丙子|丙戌|光祿|博木巴圖|卿|哈卜|四月|外郎|外郎雅|大理寺|太廟|實錄|少卿|左翼|常寺卿|康熙|必爾漢|甲申|蒙古|蘇勒圖|霍尚|魯蘇,24
1696-05,丁巳|三十五年|丙子|丙辰|乙卯|二十二日|五旗|五月|侍衛|侍衛興永朝|內務府|內府|兩黃旗|八旗|兵部|厄魯特|古北口|台吉|喀爾喀扎薩克|噶爾丹|圖汗|土謝|夸蘭大|官白斌|宣化|宿衛|實錄|康熙|御營|拖陵布|旗漢|杭艾令|滿兵|白斌|納木扎爾陀音|統嘎爾單|綠旗|綠旗兵|總兵|總管|藍翎|行大有|貝勒|輪班|達里崗|郝尚圖,46
1696-06,三十五年|丙子|丙戌|乙酉|六月|博碩克|台吉|噶爾圖|墨爾根|實錄|工部|康熙|戶部|明珠|甲申|至噶爾丹|藩院|達賴|青海,19
1696-07,七月|丙辰|乙卯|京|京城|伊桑阿|侍郎|公|參領|台吉|噶爾丹|土伯特國|太廟|學士|學士常書|宗喀巴|尚書|戈尼爾羅卜贓|掌院|木扎爾陀音|本旗|滿洲|滿漢大學士|烏闌布通|班禪|癸丑|白旗|石文桂|第巴|總督|翰林院|胡土克圖|至噶爾丹|蒙古|通州|達賴|達賴汗|青海,38
1696-08,七月|三十五年|丙子|之察罕托羅海|乙酉|侍讀|八月|六月|初八|博碩克|台吉|噶爾丹|圖爾|堪布|多爾濟|大將|學士|實錄|巴王|巴陵|康熙|廉羅道|廣東肇高|成龍|按察使|提督|會盟|朔|潘育龍|理藩|甲申|癸未|筆帖式|納喇特|統祖良|總兵|達賴|都御史|雲南|青海|齊爾圖,41
1696-09,三十五年|丙子|丹巴|乙卯|九月|厄魯|厄魯特|參領|吐魯番|吳達禪|噶爾丹|四年|回子|固山|大學士|大將|實錄|康熙|張家口|暢春園|江南|江西|滿|滿洲佐領|爵|理藩院|甲寅|白三旗|綠旗|總督|范承勳|葉爾欽|貝子|辛亥|達爾襲|邳州|阿蘭泰,37
1696-10,三十五年|三旗|丙子|乙酉|克魯倫|十月|厄魯特|台吉|喀爾喀扎|太廟|實錄|尚書班迪|尼哈番|左翼|康熙|戶口|扎卜|昭陵|時憲歷|歸化|永陵|王|甲申|癸未|福陵|色冷|蒙古|藍旗|藩院|襲職|諸王|達里岡|邊汛|郡王|阿海|雅阿爾薩|額爾奇,37
1696-11,丁巳|三十五年|丙子|十一月|厄魯特布|多羅貝勒松|察罕托|實錄|布達里|康熙|桑諾爾布|江南|泗州|甲寅|藩院|辛亥|達里,17
1696-12,二十七日|二十四日|伯費揚|十二月|厄魯特|噶爾丹|四月|圖爾額爾克濟|塞外|壬午|多羅貝勒|大將|巴顏|揚古|敵噶爾丹|朔|甲申|癸未|胡土克圖|藩院,20
1697-01,丁丑|三旗|侍衛|侍郎|元旦|八旗|喀喇沁|土默特|堂子|壬子|外藩|大學士|太和|學士|實錄|巴林|康熙|戶口|敖漢喀爾|曹氏|朔|朝鮮國王|正月|滿洲|王英|王貝勒貝子|甲寅|癸丑|直隸|科爾沁|翁牛特|蒙古|藩王|諸王|貝勒貝子|郭爾羅斯,36
1697-02,丁丑|九卿|二月|侍郎|內閣|兼禮部|刑部|卿|司僉事|壬午|大同|大學士|大理寺|學士|學政|實錄|少卿|山東|山西|工部|布政使|康熙|廣東|張仕|成龍|按察使|提調|旗漢|江西|汪薇|河南|湖北|火牌|癸未|白旗|福建|蒙古|藩院|貴州|辛巳|通政使|郎中|都察院|都御史|陜|陸德元|陸鳴|雲南|領侍衛內,49
1697-03,丁丑|三月|公福善|壬子|孤山|實錄|庚戌|府谷|康熙|德州|榆林|橫城口|汪舒克|癸丑|綠旗兵|自察罕扎|至寧夏|至寧夏之路|蒙古|貝勒|達海|邊至察罕扎|關外|阿都海,24
1697-04,丁丑|八旗|哈喇|四月|太廟|實錄|尚書|居胥山|己酉|巴顏|庚戌|康熙|成龍|明珠|朔|狼山|王永譽|綠旗兵|總督|蒙古|藩院|辛亥|鄂克濟|阿齋|黑龍江兵,25
1697-05,五月|哈納|哈納貝子|喀爾喀扎|多羅|多羅貝勒薄|己卯|庚辰|戶部|烏蘇|色冷|辛巳|郡王|阿海|額林臣,15
1697-06,丁丑|丁未|侍郎|六月|兵部|右侍郎|實錄|己酉|平噶爾丹|庚戌|康熙|戶部|掌院|暢春園|朔|浙江|王貝勒貝子|盛京|總兵|翰林院|荊州|都察院|都御史|阿山,24
1697-07,七月|且察罕諾爾|丹巴|丹津|二十日|以察哈爾|伯費揚|倭倫|八旗|南陽|厄魯特則|台吉|大同|大學士|大將|太廟|山西|巡撫|己卯|巴哈|庚辰|康熙|張家口|戊寅|揚古|文魁|明珠|楚庫爾戈|河南|王善|王諾內|策旺諾爾布|總兵|胡土克圖|西延綏|貝勒公|郭多里|鄂木布|陜|龍亭,40
1697-08,丁丑|丁未|今噶爾丹|允祉|允祺|八月|刑部|古北口|吏部|塞外|學士|密雲縣|實錄|尚書|巡撫|左侍郎|己酉|康熙|戊申|朔|甘肅|禛|禟|禩|總兵|阿蘭泰|黑龍江,27
1697-09,丁丑|九月|己卯|戊寅|達巴漢,5
1697-10,丁未|三十七年|佐領|侍郎|八旗|兵部|十月|吉士|吐魯番|哈密|回子|固山|圖爾額爾克濟|圖爾額爾克濟農|天潢|太廟|學士|宗人府|宗室|將弁|己酉|巴爾珠爾|布爾賽|康熙|戊申|掌院|提鎮|教習|昭陵|時憲歷|杜拉達爾漢|永陵|滿洲|烏喇|理藩|白克|白克率|白克白|福爾布|福陵|科目|策妄|編旗隊|縣君婿|翰林院|肅州|葉爾欽|蒙古|藩院|貝子|軍政|軍政務|郎中|部長|阿山,55
1697-11,丁丑|丙子|僧額|十一月|婦張|孫家莊|實錄|康熙|戊寅|松津|汗|襲爵|郝氏|鳴鳳妻,14
1697-12,丁未|丙午|兵部|刑部|十二月|右侍郎|司務|學士壽鼐|廣東省|戊申|提鎮|白旗|督撫|祖良|福陵|統祖良|統齊蘭布|總管|蒙古|軍功|都察院|都御史|金戰勝,23
1697-yun03,丁丑|三月|三月初|上將|中華|丹巴|丹津|主事|主事薩哈連|九日|二十九日|二十五日|二十八日|二月|京|侍衛|保住|初二|十六年|十四日|十月|厄魯特|台吉|周至|哈密|哈察罕|哈郎古|喇木扎|噶爾丹|四厄魯特七旗|圖爾|土伯特國|地方官|堪布|塞卜騰|壬午|外郎|多爾濟|孫思克|實錄|布隆吉|常達里|庚辰|康熙|御史|成龍|扎卜|扎卜代|拉木扎卜來|揚古|摺|摺奏|日噶爾丹|日綽什希巴|朔日|格壘沽英|格格|正月|正月初一|正月初二|沙克珠|派拉木|海喇圖|滾布察罕|瀚海|王化行|理藩院|畢噶爾丹|畢爾|白塔|白斌|盛中華|第巴|策妄|統領|總兵|署主事|胡土克圖|臧濟|至噶爾丹|范承烈|萬邦溥|薩克薩|薩哈連|藩院|辛巳|達爾扎|達爾漢|達賴|都御史|里克|阿巴|阿旺|阿濟爾汗|阿爾拜|阿玉|隆家丹濟|青海|黑龍江,99
1698-01,丁丑|三十七年|三旗|丙子|俞氏|元旦|八旗|公|厄魯特|台吉|周瞻|哈納|喀爾喀阿霸|土默特|堂子|外藩|大學士|妻何氏|妻林氏|妻陳氏|孟根|實錄|巴林|庚辰|康熙|戊寅|敖漢|朔|朝鮮國王|李桓|正月|滿洲|王|王貝勒貝子|王鳴鳳|直隸|秦科爾沁|蒙古|藩王|諸王|貝勒貝子|隆色,42
1698-02,丁未|丙午|乙巳|二月|唐湖|孔子|易州|永陽|滿城縣|阿蘭泰,10
1698-03,丁丑|三月|丙子|乙亥|九卿|保安|允祉|允祺|冊封|固山|多羅|多羅貝勒|大學士|太行山|子牙河|征噶爾丹|成龍|文安|易水|暢春園|沙河|清河|渾河|滹沱河|漳河|王公|王新命|直隸|禛|禩|總督|蒙古|講官|貝子|郡王|鑲紅旗漢|鑲黃旗|黑龍江,38
1698-04,三十七年|乙巳|刑科|四月|壬寅|太廟|實錄|將軍薩布素|己酉|康熙|彭鵬|戊寅|按察使|暢春園|滿洲|給事|貴州|黑龍江,18
1698-05,乙亥|五月|允祉|多羅|崔家樓|武清|漕河|甲戌|癸酉|通州|郡王,11
1698-06,上林苑|中甸|乙巳|六月|南巡|吏部|壬寅|官缺|廣東|廣西|張旺|提督|教官|文晟|朔|江副將|沈勇|滇|烏斯藏|甲辰|知府|知縣|福建|總兵|蒙番|郡守|開化|陜|雜職|順寧|順德|馮天惠為|高雷廉|鶴慶,34
1698-07,七月|三十七年|丞金璽|侍讀|保和殿|內閣|壬申|大學士|太廟|學士|宗人府|實錄|山海|工部侍郎|康熙|戊寅|甲戌|癸酉|盛京|蘇赫納|都察院|都御史,22
1698-08,丹津|京城|侍讀|允祉|允祺|內閣|八月|勵杜訥|卿|司務|喇錫|噶爾丹|塞卜騰拉思倫|壬寅|多爾濟|多羅|多羅貝勒|太僕寺|子允祥|學士|密雲縣|尼哈番|布木諾|庫察城|癸卯|盛京|禟|策妄|與爾叔噶爾丹|藩院|辛丑|通政|郡王|鄂木布|阿巴|顏格隆|齊海,37
1698-09,三十七年|九月|代布|克爾蘇|台吉|圖爾親|壬申|多羅|實錄|康熙|恩都爾拜|戊寅|朱習|沅|浙江|溫州|王滿|癸酉|碩達爾漢巴|碩額|福建|科爾沁|總兵|辛未|迪來|郡王|都御史,27
1698-10,十月|壬寅|太廟|奇爾賽|庫勒訥|康熙|昭陵|時憲歷|永陵|滿|畢爾漢|癸卯|福陵|辛丑,14
1698-11,三十七年|中後所|十一月|喀爾喀會盟|喇沁鎮|國公善|壬申|實錄|寧遠州|尚書班迪|巴喇錫|庚午|康熙|戊寅|汗|藩院|辛未|高橋|齊理,19
1698-12,侍郎|允行|十二月|協理|右侍郎|司官|喻成龍|堂官|壬寅|奉天|學政|安徽|尚書馬齊|山東|巡撫|工部|工部侍郎|左侍郎|布政使|常綬|平和|平海|庚子|府尹|廣西|張志棟|徐廷璽|成龍|戶部|提督|朔|李光地|李林盛|桑額|江蘇|洪澤湖|淮揚|淮水|清江浦|漕運|直隸|督捕|福建|總督|董安國|辛丑|運河|都督|陝西|順天|顧大學士,51
1699-01,三旗|元旦|八旗|公|台吉|哈密|哈納|喀喇沁|土默特|堂子|外藩|大學士|實錄|己卯|巴林|庚午|康熙|戶口|敖漢|朔|朝鮮國王|李彥|楊氏|正月|歸化城|毛明安蘇|沙齊|滿洲|王|王德妻|王正|王氏|癸酉|直隸|科爾沁|科爾沁奈曼|穆塞妻|翁牛特|蒙古|藩王|諸王|貝勒貝子|辛未|部落|郭爾羅斯扎魯特,45
1699-02,一瀟|二月|京口|侯馬三奇|南贛|右衛|壬寅|將軍|尚書熊|尹泰|工部|左翼|庚子|提督|朔|江西|浙江|滿洲|白旗|穆布|統瓦珥|統禪|總兵|蒙古|藍旗|詹事|詹事府|辛丑,28
1699-03,三月|協理|南巡|司官|安東|射陽湖|少詹事|山陽|己巳|庚午|徐州|徐廷璽|徐秉義為|惠濟|成龍|戶部|揚州|攔黃壩|攔黃壩灣|時家馬頭|曲馬家港|東壩|桃源|江都|河臣|泰州|洪澤湖|淮|淮安|淮水|清口|清河|湖口|漕糧|漕運|總督|總督桑額|興化|詹事|詹事府|辛未|運河|邳州|韓家莊|高家堰|高灣|鹽城|鹽城山陽,48
1699-04,三塔|兩淮|十六年|四月|太廟|實錄|己亥|己卯|庚子|康熙|江南|江浙|浙江|淮揚|漕糧|特旨|臬|辛丑,18
1699-05,二莊口|五月|冀州|南宮|右侍郎|吏部|子牙河|完固口|巡撫|己巳|庚午|張鵬|戊辰|李光地|東館|歸衛之河|江南|江西|滏河|滹沱河|漳河|由衛水|直隸|經廣宗鉅鹿|經河間|總督|自山東|自廣平|自邱縣|至獻縣|邱縣|閆留|陶岱|靜海縣|韓莊閘|魏縣|鹿縣,37
1699-06,乙未|侍郎|六月|兵部|刑部|南巡|右侍郎|吳江縣|大學士|巡撫布雅|左侍郎|己亥|廣總督|徐潮|戊戌|戶部|李輝|楊鳳起|楚省|江浙|湖南|湖廣|田雯|知縣|總督|都御史|陝西,27
1699-07,七月|公普奇|公福|兵部|壬戌|太廟|官員督撫|實錄|尼哈番|己卯|庚午|康熙|引見|戊辰|成龍|提鎮|正紅旗|毛城|直隸|蒙古|都統|阿思哈,22
1699-08,丁卯|丙寅|乙丑|侍讀|侍郎|內閣|八月|兼禮部|土城|孔子|學士|安喀爾|安科爾沁|尼哈番|扎木蘇|朔|滿篤為|王車|碩端敏|碩純禧|碩達爾漢親|蘇旦子|襲職|郡王|都御史|阿思哈|雅蘇,27
1699-09,丁酉|丙申|乙未|九月|四川|實錄|己卯|康熙|廣安鄉|按察使|昂古|朔|李興|畢爾漢|里海|雲南,16
1699-10,三十九年|丙寅|乙丑|十月|卿|周金然|大理寺|太廟|宣化|康熙|昭陵|時憲歷|永清|永陵|洗馬|王紳|甲子|直隸|福陵|經局|起居注|都察院|都御史,23
1699-11,丁酉|中式|乙未|九卿|修撰|十一月|圜丘|大學士|姜宸|實錄|己卯|常寺卿|康熙|御史|昭陵|朔|李蟠|永陵|江南|清河|甲午|福陵|科道|編修|考官|考試|詹事|邳州|鄉試|順天,30
1699-12,丙寅|乙丑|十二月|嚴我斯|左侍郎|甲子|皇莊|統喀齊|領侍衛內|龍虎峪,10
1699-yun07,丁酉|七月|侍郎|內閣|兼禮部|右侍郎|四年|妃|學士|寶泉局|尚書馬齊|尼哈番|巴顏|戊戌|戶部|敏妃|朔|辛卯|部堂|錢法|阿思哈|顧穆親|魯伯赫|默德,24
1700-01,三十九年|三旗|丙申|乙未|元旦|八旗|公|台吉|堂子|外藩|大學士|妻陳氏|實錄|巴林|庚辰|康熙|戶口|扎魯特|敖漢喀喇沁|朔|朝鮮國王|李抗|格爾特妻|正月|毛明安|滿洲|特厄魯特|王|甲午|直隸|科爾沁|翁牛特|藩王|諸王|貝勒貝子|郭爾羅斯|關氏,37
1700-02,丙寅|中式|乙丑|九卿|二月|伯阿席|侍衛|內閣|化家口|大學士|學士|工部|布泰|康熙|新河口|東郊|武清|甲子|監試|穆哈|舉人|范承烈|蔡村|覆試|通州|閱化家口,26
1700-03,三十九年|三月|乙未|九卿|二月|司官|吏部|地方官|大學士|安徽|實錄|將軍|巡撫|庚辰|康熙|張格|張鵬翮|御史|戶部|提督|提鎮|敕書|暢春園|永定河|江南|江西|河南|浙江|淮揚|漕米|漕糧|王新命|甲午|癸巳|總督|臬|蒙古|講官|通政|通政使|鄭惟孜|金修築|關督,43
1700-04,乙丑|四月|太廟|暢春園|甲子|癸亥,6
1700-05,三十九年|丞|五月|侍郎|兵部|司同知|司獄|司理|同州|吏部|嚴道|壬辰|大使|實錄|山東|左侍郎|布政使|庚辰|康熙|按察使|朔|朱都|檢校|浙江|照磨|甲午|癸巳|直隸|直隸井陘|督撫|督糧道|知事|福建|通判|都司|金衢|青州,37
1700-06,六月|兵部|刑部|劉國興|協領|參領|壬戌|姜定國|尚書|廣東|撥什庫|朔|杜臻|正紅旗漢|正黃旗|河北|河南|滿洲|癸亥|盧崇耀|碣石|總兵|蒙古|藍旗|辛酉|鑲紅旗|駐防|黑龍江,28
1700-07,七月|三十九年|九卿|四川|土司|壬辰|太廟|實錄|庚辰|康熙|張鵬翮|打箭爐|條奏|河官|河曲|河東|營官|癸巳|科道|第巴|總督|詹事|辛卯|金應行|陝總督席爾達,25
1700-09,三十九年|中河|九月|侍郎|兵部|工部|己丑|巴漢昂|庚寅|庚辰|康熙|張睿奏|張鵬翮|從仲莊閘|汗|淮揚道|特木爾達|王謙|科臣|總督|董安國|辛卯|陶莊閘,23
1700-10,丹巴|十月|太廟|己未|庚申|康熙|昭陵|時憲|永陵|浙江|白旗|福陵|禛|總督桑額|胡土克圖|著桑額|護軍統|辛酉,18
1700-11,丁亥|三十九年|三旗|事席爾達|侍郎|傅繼祖|兵部|十一月|右侍郎|吏部|四川|地方官|大學士|實錄|將軍沙納海|尚書|尚書署|巡撫|左侍郎|己丑|庚寅|庚辰|康熙|朔|溫達|理藩|甘肅|盛京|福建|總督|西陲|都御史|鄂爾齋|陝西|青海|默德,36
1700-12,侍郎|公蘇爾法|十二月|參將|吏部|唐希順|喀喇沁|單霸|四品|四川|國公善|將張|將軍莽|尚書席爾達|巡撫|工科|己未|巴喇錫|布政使|庚申|張霖|張鵬翮|戊午|成都|扎什護|提督|撫臣|旺直|李麟|林營|淮水|淮黃交會|清口|滿洲兵|給事|統領|總督|荊州|藩院|貝和諾|運河|郡王|陝西|高家堰,44
1701-01,侍衛|元旦|八旗|公|厄魯特|台吉|哈納|喀喇沁|喀爾喀扎魯特|土默特|堂子|外藩|大學士|妻陳氏|實錄|己丑|巴林|庚寅|康熙|戊子|戶口|敖漢扎賴|朔|朝鮮國王|李光夏|李氏|杜爾伯特|正月|毛明安科爾沁|王|王貝勒貝子|直隸|科爾沁|翁牛特|董元偉|蔡蕙|藩王|諸王|貝勒貝子|辛巳|部落|郭爾羅斯四子,42
1701-02,二月|任風厚|侍講|光祿|南苑|卿|大理寺|大計|山東省|崔錫榮|巡撫|工部|己未|布政使|常寺卿|年遐齡|庚申|引見|戊午|戶部|朔|李光地|李賢村|永定河|湖北|湖廣省|王國昌|盛京|直隸|知縣|禛|管承寵|翰林院|詹事|詹事府|郎中|郡王|都察院|都御史,39
1701-03,丁亥|三月|九卿|大學士|巡撫|布政使|庚寅|戊子|按察使|暢春園|江西|蕭永藻|講官|雲南,14
1701-04,丙辰|任風厚|公彭春|兵部|刑科|吏科給|吏部|喇哈番|四月|壬午|外官|大學士|大計|太廟|官馬士芳|實錄|巡撫|己未|布政使|年遐齡|康熙|廣巡撫|廣東|廣西|引見|彭鵬|戊午|成泰慎|提督|撫臣|曾壽襲|武生|武科|殷化行|石琳|給事|總督|言官|詹伯豸|辛巳|遊擊|雷瓊道,42
1701-05,丁亥|乙酉|五月|工部|張鵬|戊子|朔|浙江|總督|藍旗漢,10
1701-06,丁巳|丈頭村|丙辰|伯海福|允祉|六月|吏部|喇哈番|塞外|多羅貝勒|多羅貝勒允|多羅貝勒胤|宣化|尼哈番|岔道|延慶州|戊午|昌平|沙城|禛|禩|總兵|郡王,23
1701-07,丁亥|七月|丙戌|乙酉|侍衛|公鄂倫|台吉|太廟|實錄|康熙|廖氏|拖羅海|沙爾丹|浙江|穆素|第敖漢|翁牛特|辛巳|郡王|領侍衛內,20
1701-08,丁巳|三十四年|丙辰|乙卯|八月|兵部|協領|孔子|宗室|將軍|康熙|張英|札賴|杜爾伯|楊福|準朱魯麻哈達|特貝子|盛京|納遜|軍德倫|郭爾畢|阿爾達爾畢|領事,23
1701-09,丙戌|乙酉|九月|台吉|吳爾圖|哈里|察哈爾|巴彥|巴林|揚古|烏蘇|甲申|畢喇之馬尼圖|科爾沁|納素|綽諾木|蒙古|郭爾果爾台,18
1701-10,世祖|乙卯|侍郎|侯施|內閣|兵部|兼禮部|十月|右侍郎|吳赫為|四十一年|大學士|太廟|學士|實錄|少保|少傅|工部|康熙|廉羅道|廣東肇高|按察使|提督|故大學士|昭陵|時憲歷|正黃旗|永定河|永陵|湖北|漢軍副都統|王熙|王繼文|瓜爾察|甘肅|甲寅|癸丑|白旗|福陵|統魯伯黑|總督|蒙古|貴州|辛巳|雲南|魯伯黑,46
1701-11,丁亥|十一月|壽鼐|多羅平悼|平郡王|廣西|按察使|朔|汗|江西|甲申|癸未|督糧道|郡王|都察院|都御史,16
1701-12,三屯|十二月|固山|壬子|常寺卿|灤陽|甲寅|癸丑|碩額|襲爵|貝子|遵化,12
1702-01,侍衛|元旦|八旗|公|台吉|吳珍|喀喇沁|喀爾喀扎魯特|四十一年|土默特|堂子|壬午|外藩|大學士|妻沈氏|實錄|巴林|巴氏|康熙|戶口|敖漢|朔|朝鮮國王|朱穆秦|正月|滿洲|王|甲申|癸未|直隸|科爾沁|蒙古|藩王|覺羅氏|諸王|貝勒貝子,36
1702-02,二月|侍衛|侍郎|刑科|刑部|右侍郎|吳涵|唐胡村|壬子|居庸|張家口|易州|檢討|玉來|王國昌委官|王觀|甲寅|癸丑|監督|知縣|石亭|給事|翰林院|關稅務|阿金,25
1702-03,三月|內閣|右侍郎|吳達|壬午|學士賴|尼哈番|工部|左侍郎|左翼|常舒為|戶部|正藍旗|滿洲|癸未|白旗|統崇古禮|統滿丕為|統領|舒輅|蒙古|護軍統|辛巳|都御史|都統|鑲黃旗|阿思哈|領瓦爾大為,28
1702-04,世子|丙辰|伊道|侍讀|保泰為|內閣|可虞應|右侍郎|四月|壬子|太廟|威寧|學士|左侍郎|張鵬翮|桃源|滿篤為|王福|總兵|總督|藩院|貴州|辛亥,23
1702-05,五月|四十一年|四川|壬午|實錄|巡撫|康熙|打箭爐|朔|甲申|綠旗|貝和諾|辛巳,13
1702-06,九卿|何瓚遠|六月|兵部|刑部|南河|右侍郎|吏部|土官|壬子|大學士|巡撫|工部|左侍郎|庚戌|徐州|徐秉義|提督|提鎮|摺奏|朔|李光地|李芳述|永定河|清口|王鳳|直隸|總督巴錫|翰林|胡安國|苗蠻|苗首羅|計然|貴州|貴州苗|辛亥|都司|都御史|鄧應|阿應|雲南,41
1702-07,七月|中黃鼎|厄爾德尼|吏部|吳甫生|四十一年|壬午|多爾濟|太廟|實錄|尚書席爾達|工科|己酉|庚戌|康熙|廣東|廣東道|張睿為|張鵬翮|御史|按察使|敦多布|汗|汝弼|江南|溫憲|給事|總督|考官|荊南道|許嗣興|辛亥|郎中|都察院|都御史|鄉試|阿海|韓尹|領侍衛內,39
1702-08,丹津|八旗|八月|厄魯特|台吉|固山|奉天|宣化|山東|己卯|庚辰|府尹|徐氏|汶上|滿洲|監生|監貢|蒙古|貝子|辛巳|鄉試|順天,22
1702-09,世顯|九月|伊德|侍衛|參領|古北口|噶爾弼|安徽|宗室|尚之隆|己酉|布政使|廣州將|戊申|按察使|旗漢|本旗|正黃旗|滿洲|漢軍都統|白旗|盧崇耀|碩額|蒙古|藍旗|藍旗漢|辛亥|鑲黃旗|領侍衛內|馮國,30
1702-10,丁丑|兵科|劉官|十月|卿|四十一年|四十二年|壬午|大理寺|太廟|實錄|尚之隆行|山東|巡撫|己卯|康熙|張白村|戊寅|掌印|昭陵|時憲歷|景州|永陵|獻縣|王國昌|登州|福陵|給事|縣檢橋|總兵|阜城,31
1702-11,丁未|十一月|四川|圜丘|大學士|廣西|戊申|打箭爐|昭陵|朔|永陵|江南|江西|浙江|湖廣|福建|福陵|辛亥|陝西,19
1702-12,丁丑|丙子|丹巴|十二月|四川|將穆廷|廣東|戊寅|日講|永城|永寧協|河南|浙江|編修|縉雲縣|總兵|翰林院|胡土克圖|蘇松|虞城|起居注|高雷廉,22
1702-yun06,六月|參領|土默特|壬午|左翼|庚辰|朔|步軍統|歸化城|薩海|辛巳|都察院|都御史|都統,14
1703-01,丁未|丙午|佟騰雲妻|侍衛|傅氏|元旦|八旗|公|台吉|喀喇沁|四十二年|堂子|夏光|外藩|大學士|實錄|康熙|戊申|戶口|扎魯特|敖漢王|朔|朝鮮國王|李桓|正月|毛明安蘇|滿洲|王|癸未|直隸|秦科爾沁|蒙古|蕭氏|薩哈連妻|藩王|諸王|貝勒貝子|雅爾幾岱,38
1703-02,丁丑|丙子|乙亥|九卿|二月|劉含|古城|地方官|大學士|孔子|安徽|宋犖|宿遷|山東|巡撫|巡撫喻|張鵬|成龍|新泰|桃源|桑額|正賦|江南|江寧將|江蘇|江西|沂州|泰安|滿漢大學士|漕米|漕運|熊賜履|狼山|王國昌|總兵|總督|總督桑額|蒙古|郯城|鄂羅舜|阿山,41
1703-03,丁未|三月|丙午|乙巳|婦張|張氏|張鵬翮|王公|直隸|總督|行唐|郵州|高家堰,13
1703-04,丙子|中式|何焯|四十二年|四月|大學士|太和殿|太廟|實錄|己卯|康熙|張英|殿試|汪灝|甲戌|癸未|碩額|舉人|貢士|進士,20
1703-05,丁未|乙巳|五月|刑部|勵杜訥|右侍郎|壬寅|朔|根敦|正紅旗|滿洲|蒙古|襲爵|都察院|都御史|鑲紅旗,16
1703-06,丁丑|乙亥|六月|古北口|右侍郎|宗人府|山東|左侍郎|巴克|布政使|廣西|按察使|甲戌|石琳|總督|許汝霖|都察院|都御史,18
1703-07,七月|丙午|乙巳|乾清門|允祉|允祺|塞外|太宗|太廟|太祖|子刻|子時|宗人府|實錄|景仁宮|王|王常寧|王福|甲辰|禛|禩|裕親|親王|諸王,24
1703-08,丙子|九卿|八旗|八月|博洛|卞永譽|台吉|司官|吏部|哈納|四十二年|地方官|坡瀨噶山|垂基恭|多羅|多羅貝勒|大學士席|實錄|尼哈番|山東|工部|左侍郎|巴林|康熙|引見|張鵬翮|德州|戶部|按察使|桃源|江蘇|泰安|王|甲戌|癸未|癸酉|登州|科道|總督|蘇代|蘇隆來|詹事|辛保去|邳州|郡王|郯城|齊達克齊,47
1703-09,乙巳|九月|巴漢昂|格爾齊|甲辰|癸卯|薩爾巴|里昂|顏達,9
1703-10,丹津|于準|十月|四十三年|四川|壬申|太廟|學士常壽|山東|巡撫|布政使|康熙|按察使|提督|昭陵|時憲歷|永陵|江南|浙江|甲戌|癸酉|督撫|福陵|筆帖式|貴州|郡王,26
1703-11,介休|傅爾丹|公傅爾丹|十一月|四十二年|城守|壬寅|多羅|太原|實錄|巴林|康熙|癸卯|癸未|祁縣|納木達克|縣湛泉|辛丑|郡王|鄭家莊|靈石縣,21
1703-12,十二月|壬申|孟津渡|孟縣|孟鎮|新安|河南|癸酉|辛未,9
1704-01,侍衛|傅氏|元旦|八旗|厄魯特|喀爾喀扎賴|四十三年|堂子|壬寅|外藩|大學士|實錄|庚子|康熙|張大齡|敖漢柰曼|曹超|朔|朝鮮國王|李枋|桓聘|正月|滿洲|特阿霸|王|王松齡|甲申|直隸|科爾沁|翁牛特|蒙古|薩哈|藩王|諸王|貝勒貝子|辛丑|那氏|鄂爾多,38
1704-02,二月|侍讀|侍郎|內閣|兵部|兼禮部|右侍郎|喀爾喀多羅卓禮克圖|四川|固山|多羅貝勒沙利|孝陵|學士|巡撫|左侍郎|巴塔|庚午|殷特布|王九齡|王頊齡|瑪旺|畢至仁|畢達|癸酉|簡莊理|貝和諾|貝子|辛未|遵化|郡王|阿畢|阿藍太以|顧魯希席,33
1704-03,三月|九卿|大學士|山西|布政使|庚子|御史|戊戌|昭陵|暢春園|朔|永陵|清明|甘肅|福陵|講官|辛丑,17
1704-04,乾清門|侍衛|侍講|侍讀|侍郎|內閣|兼禮部|刑部|右侍郎|四十三年|四月|壬申|天台山|太廟|學士|實錄|少詹事|左侍郎|己巳|庚午|康熙|按察使|普陀山|武格|沈辰垣|甲申|翰林院|舒虎鼐|詹事府|贛南道|起居注|都察院|都御史|雲南,34
1704-05,五月|侍讀|光祿|內閣|協領|卿|學士|己亥|戊戌|朔|杭州|漢軍副都統|福建|詹事府|詹事陳元龍|辛丑|高登|魏齊,18
1704-06,內務府|六月|己巳|戊辰|正紅旗|白旗|總管馬思|蒙古|蔡升元|詹事|詹事府|講官|辛未|都統,14
1704-07,丁酉|七月|中書|伯霸圖|侍郎|司馬光|固山|國公善|塞外|多羅|太廟|孔子|宋朝|山東|巡撫|己亥|巴喇錫來|庚子|彭鵬|按察使|摺|朱子|正黃旗|河南|湖南|直隸|貝子|起居注|車林敦羅布|通州|郎廷棟|郡王|霸昌道|領侍衛內,34
1704-08,丁卯|八月|台吉|四十三年|圖巴札卜|多羅扎|實錄|己巳|布政使|康熙|廣東|戊辰|按察使|朔|河南|甲申|科爾沁|舒輅|薩克圖|許嗣興|郡王|都察院|都御史|鄂齊爾,24
1704-09,丁酉|九月|台吉|巴顏|庚子|得爾吉惠漢|德木楚克來|戊戌|朔|洛昂,10
1704-10,一月|丁卯|三河|五月|侍衛拉錫|內務府|六月|初七|初九|初八|初四|十一日|十三日|十六日|十四日|十月|四十四年|四月|大都|天津|太廟|子牙河|寶坻縣|小泉|山長|己巳|巴爾布|庫爾滾|庫里|康熙|廣福樓|戊辰|托羅|文安|昭陵|時憲歷|札陵|李光地|松山|楊村|永陵|河東|河源|滿|爾班吐爾哈|爾班索羅謨|王慶|福陵|蒙古|蘭州|西札陵|西藩|運河|郎中|鄂陵|阿克|青海|青縣|香河|齊蘇勒,60
1704-11,丁酉|丙申|京師|兵部|勞之辨|十一月|南苑|卿|右侍郎|吏部|四十三年|大理寺|實錄|少卿|左侍郎|左翼|常寺卿|康熙|戊戌|朔日|李錄予|正月|王九齡|甲申|白旗|蒙古|通州|都察院|都御史|黑龍江,30
1704-12,丁卯|何顯|十二月|四川|安徽|尼哈番|川東道|布政使|庚午|按察使|暢春園|汗|湖北|甲子|福建|阿思哈,16
1705-01,丙申|乙未|乙酉|侍衛|傅士|元旦|八旗|公|厄魯特|台吉|四十四年|堂子|外藩|大學士|實錄|嵇永仁|巴林|康熙|戊戌|戴果|晏|朔|朝鮮國王|杜爾伯|正月|汪氏|滿洲|王|瑄|直隸|科爾沁|秦喀喇沁|翁牛特|藩王|諸王|貝勒貝子|頤命,37
1705-02,丁卯|乙丑|二月|侍郎|卿|城外|大理寺|孔子|張玉書|張鵬|徐州|戶部|暢春園|甲子|盛京|總督,16
1705-03,三月|丙申|乙未|京口|侍衛|侯馬三奇|劉光|劉含|南河|吳爾德|四十四年|學政|安徽|宋犖|官穆廷|將軍|崇明|巡撫|康熙|張廷樞|張泰交|張雲翼|提督|朱麻喇為|松江|正賦|江南|江寧將|江西|浙江|浙省|滿洲|狼山|甲午|白旗|統達爾華|總兵|總督|蒙古|赤山|鄂克遜|鄂羅舜|阿山|頭村|高厚聞,45
1705-04,乙丑|乙酉|俞章|副將|嘉興府|四十四年|四月|太廟|實錄|康熙|張雲翼|提標|提督|松江|甲子|癸亥,16
1705-05,乙酉|五月|四十四年|四川|壬戌|實錄|康熙|按察使|朔|甲子|癸亥|福建|金培生|領侍衛內,14
1705-06,主事|六月|六部|卿|吏部|員外|壬辰|大理寺|巡撫|布政使|張志棟|御史|按察使|檢討|正途|江西|浙江|甲午|癸巳|知縣|秉中|管竭忠|編修|翰林院|考選|考選科道|貴州|選科道|郎中|郎主事,30
1705-07,七月|侍衛|卿|吳什等|吳爾袞|壬戌|太僕寺|太廟|安徽|尚之隆|己未|巴林|布政使|施世綸|曼多羅達爾漢|江南|癸亥|科爾沁|納木扎|達爾漢王|郡王,21
1705-08,乙酉|九卿|八月|古溝|吏部|哈納|四十四年|壬辰|多羅貝勒薄|富青|實錄|尼哈番|工部|康熙|張鵬|張鵬翮|查富|癸巳|白旗|納木扎爾|總督|辛卯|郡王|阿思哈,24
1705-09,九月|厄魯特諸|圖諾爾|壬戌|扎瑪克|烏闌諾爾|癸亥|蒙古|豐司|辛酉,10
1705-10,三公|中山王|保安|十月|嘉祥|壬辰|太廟|少昊|少華之麓|庚寅|康熙|懷來|昭陵|時憲歷|永陵|琉球|癸未|福陵|禩|辛卯|雍州,21
1705-11,丁卯|乙酉|侍讀|侍郎|內閣|兼禮部|十一月|喀爾喀兵|四十四年|圜丘|學士|實錄|庚申|康熙|扎薩克|新泰|旗漢|昭陵|正紅旗|正黃旗|殷扎納|永陵|汪悟|滿洲|福陵|統戴米|統拜音|統禪步|統鑲紅旗|荊州|蒙古|藍旗|詹事|詹事府|辛酉|鑲紅旗|鑲紅旗漢|零旺布,38
1705-12,侍衛|十二月|喇門噶山|四品|壬辰|己丑|汗爾莊|溧陽城|辛卯|郡王,10
1705-yun04,乙未|九卿|京口|佟世祿|侯馬三奇|八日|刑部|吉林|同知|周敦|四月|國公|塞外|多羅貝勒諾尼之子|宋明之|宗室|將軍|尚書|張鵬翮|徐潮|戶部|汝弼|江南|江西|甲午|癸巳|監候|科道|米芾|總督|詹事|選司|郎中|阿山|駐防,35
1706-01,世祖|丙寅|丙戌|侍衛|僧格妻|元旦|八旗|公|厄魯特|台吉|吳氏|周士奇|喀喇沁|堂子|外藩|大學士|妻陳氏|姜國英|安太妻|實錄|己未|巴林|庚申|康熙|戶口|扎魯特喀爾|敖漢|朔|朝鮮國王|李氏|梁氏|正月|滿洲|王|王吉徵妻|王貝勒貝子|直隸|科爾沁|翁牛特|蒙古|藩王|諸王|貝勒貝子|鄭載崙,44
1706-02,二月|侍郎|允昌妻|內閣|兼禮部|努之子|取士|右侍郎|吏部|天培為|奉恩將|學士|己丑|庚寅|廣東|戶部|朔|根壽為|海陽縣|潘氏|瑄|總兵|考官|藍旗漢|詹事|贊善|辛卯|鄉試|陝西興漢,29
1706-03,三月|九卿|侍郎|光祿|刑科|卿|士芳|大學士|巡撫|己未|庚申|戊午|戶部|按察使|暢春園|朔|李斯|灣鳳山|盛京|福建|給事|董國禮|蒙古|講官|通政|都御史|陝西,27
1706-04,丁亥|丙戌|主考|主考官|侍郎|刑部|吏部|四月|大學士|太廟|實錄|尚書|工部|工部侍郎|己丑|席爾圖|康熙|廷敬奏|張大有|彭會|戊子|戶部|會試|李紳|李錄予|條奏|溫達|盛京|禮科給|科場|科考|考官|董國禮|進士|都察院|陶仁明,36
1706-05,丁巳|七年|七里|二十二年|五月|保舉|兵部|南巡|南河|大學士|尚書|工部|己未|布政使|康熙|張鵬翮|戊午|按察使|旗員|朔|江蘇|浙江|福建|總河|總督|金世榮|雲南|靳輔|高家堰|龍窩,30
1706-06,丁亥|世祖|乙酉|六月|古北口|太宗|太祖|戊子,8
1706-07,丁巳|七月|丙戌|丙辰|侍郎|兵部|四川|堂官|多羅達爾漢|大學士|太廟|實錄|山西|工部|席爾達|康熙|戶部|林營|沈村|王氏|甲寅|督撫|石崖|石柱|紅苗|翁牛特|考試|試官|貴州|鄂齊|鄂齊爾|鐵索橋|雲南|青貝勒額爾特布,34
1706-08,丁亥|丙戌|乙酉|京師|八月|吏部|喇哈番|天津|孔子|尼哈番|廷敬|提督|瑚錫布|福建|總兵|藍理|襲職|阿思哈,18
1706-09,丁巳|丙辰|乙卯|九月|台吉|恭額|朔科爾沁|達巴漢,8
1706-10,丙戌|丹巴|乙酉|侍讀|兵部|劉官|十月|司官|吏部|四十六年|圖汗|土謝|大學士|太廟|學士|實錄|將羅聯芳|尚書|尚書馬爾漢行|工部|康熙|廣東|敦拜|昭陵|時憲歷|東沂州|永陵|汗|沙副將|溫達|甲申|福建|福陵|總兵|翰林院|胡土克圖|色爾圖|藍旗漢|西安|講官|車臣|金門|陝西興漢,43
1706-11,丙辰|乙卯|京城|侍郎|內務府|十一月|天津|孫氏|守尉|宗室|官藍理|戶部|朔|江南|甲寅|白旗|穆丹奏|總兵|總管|蒙古|黑龍江,21
1706-12,丙戌|乙酉|十二月|喜峰口|甲申|蒙子嶺|雅圖溝,7
1707-01,丁亥|丙辰|乙卯|侍衛|元旦|八旗|公額|台吉|喀喇沁|喀爾喀科爾沁|四十六年|堂子|外藩|大學士|姬氏|實錄|巴拜妻|巴林|康熙|戶口|朔|朝鮮國王|正月|毛明安|滿洲|焦氏|王|王貝勒貝子|甲寅|直隸|翁牛特|蒙古|藩王|諸王|貝勒貝子|陶顯,36
1707-02,世顯|乙酉|二月|喀爾喀多羅貝勒羅布|大龍灣|學政趙|山東|巡撫|張鵬翮|德州|提督|東光縣|王傑|王文雄|甲申|申季|癸未|登萊總兵|福建|總督|聖公孔毓圻,21
1707-03,丁亥|三月|乙卯|四十六年|壬子|實錄|康熙|提督|朔|甲寅|福建,11
1707-04,仁和|偏沅巡撫|四月|壬午|太廟|宗室|崔相國|旗丁|杭州府|武林|浙江|湖南|溫州|漕運|漳州|甲申|申喬|癸未|福建|科臣|糧道|總兵|許鳳來,23
1707-05,五月|侍郎|壬子|大使|安仁|尚書|廟灣|張鵬|張鵬翮|徐州|徐潮|歸仁|河員|河官|泗州|洪澤湖|淮套|清口|癸丑|盱眙|祥符|總督|蔣家壩|辛亥|運河|高家堰|高郵湖,27
1707-06,丁亥|公額爾圖|六月|兵部|化林營|參將|四十六年|四川|壬午|學政|宗人府|實錄|康熙|成都|提督|暢春園|洗馬|王奕清|癸未|經局|總督|辛巳|陝西,23
1707-07,七月|卿|司通政|壬子|大學士|太僕寺|太廟|尚之隆|己酉|滿洲|熱河|辛亥|通政使,13
1707-08,八月|右侍郎|吏部|吳爾袞|喇哈番|多羅卓禮克圖|多羅達爾漢|尼哈番|工部|左侍郎|己卯|巴林|庚辰|德布|李旭升|查密嚴|畢穎|碩榮憲|碩額|翁牛特|西喇穆倫|輔國公|辛巳|郡王|都御史|鄂齊爾|阮爾詢|阿思哈|馮升額,29
1707-09,九月|哈達|己酉|庚戌|弩克圖|朔|木哈圖|辛亥,8
1707-10,丁亥|十月|卓素|喇卜坦|四十七年|四十六年|圖多羅額|多爾濟|太廟|宜納哈|實錄|尚之隆行|己卯|庚辰|康熙|戊寅|昭陵|時憲歷|永陵|烏闌哈達|福陵|西爾哈畢|郡王|鄂爾齋,24
1707-11,侍郎|十一月|四十七年|多羅貝勒|太倉|安徽|己酉|庚戌|康熙|戶部|旗漢|江南|江浙|浙江|漕|甲辰|科爾沁|賦役|都察院|都御史,20
1707-12,公噶爾瑪|十二月|嚴州|壬午|宜希班弟|己卯|戊寅|故多羅冰圖|新城|江南|泗州|浙江|滁州|科爾沁|衢州|襲爵|達達布子|郡王,18
1708-01,侍衛|元旦|八旗|台吉|周氏|喀喇沁|四十七年|土默特|堂子|外藩|大學士|實錄|己酉|巴林|庚戌|康熙|彭大妻|徐氏|戊子|戊申|戶口|扎魯特|敦楚克妻|暢春園|朔|朝鮮國王|朱穆秦|楊觀|正月|滿洲|王|瓜爾佳氏|直隸|科爾沁|翁牛特|蒙古|藩王|蘇氏|諸王|貝勒貝子|郭氏|麥弘泰妻,42
1708-02,乙亥|九卿|二月|伯|兵部|卿|右侍郎|吏部|喇哈番|大學士|太僕寺|尚之隆|左侍郎|常寺卿|常州|張世爵|戊寅|揚州六府|故多羅達爾漢貝勒諾|朔|木拉拜子|李繩|松江|江南|江西|沙喇哈番|沙襲爵|湖廣|滿洲|漕米|漕運|白旗|統圖爾海|萬石分|藍旗|蘇州|護軍統領|辛巳|鎮江|阿諦,40
1708-03,三月|丙午|吏部|尚書馬爾漢行|庚戌|戊申|新安|暹羅國|東郊|邱縣|頭村,11
1708-04,丁未|侍讀|侍郎|傅繼祖|內閣|兼禮部|吉士|吏部|哈番|喇哈番|四川|四月|太廟|學士|尚書|尼哈番|巡撫齊|左侍郎|己酉|張振興|徐潮|掌院|教習|查布|甘肅|甲辰|總督|翰林院|舒蘭|襲職|部尚書|阿思哈|陝西,33
1708-05,丙子|乙亥|五月|四十七年|安徽|宿州|實錄|尚書凱|康熙|戊子|戊寅|朔|梁氏,13
1708-06,丁未|丙午|代布來|內閣|六月|右侍郎|國公善|多羅|學士|左侍郎|巴喇錫|戶部|朔科爾沁|熱河|甲辰|碩達爾漢親|科爾沁|第喀喇沁鎮|郡王|音達禮,20
1708-07,丁丑|七月|乙亥|刑部|台吉|喀喇沁|喇錫塞|太廟|尚之隆|癸酉,10
1708-08,乙巳|八月|四十七年|四十六年|巡撫郎廷極|巴漢|康熙|朔日|江南|江西|漕米|甲辰|癸卯|西爾哈達,14
1708-09,乙亥|九月|博霽|四十七年|四川|多羅貝勒|實錄|崔相國|康熙|戊子|浙江|溫州|特諭|甲戌|癸酉|科爾沁|總兵|總督|西安|陝西,20
1708-10,世祖|九卿|侍衛|允祺|八貝勒|公|公普奇|公爵|十月|四十七年|壬寅|大學士|太廟|學士|安徽|宗室|實錄|將張|尚之隆行|巡撫|康熙|御史|戊子|承郡王|摺|明德|昭陵|時憲歷|普奇|杭州|永陵|江寧|江浙|浙江|清宮|湖州|溫達|滿洲|王|甲辰|癸卯|福陵|禟|禩|言官|議政處|郡王|郡王府,48
1708-11,三旗|丙子|九月初|佐領|侍衛|侍郎|包衣|十一月|四日|國子監|壬申|王爵|癸酉|祭酒|藍旗|諭旨|領侍衛內,17
1708-12,助教|十二月|叔范承譜|國子監|多羅貝勒|安東縣|嵇永仁|巡撫|庚子|海州|父范承謨|王龍|王龍光|甲辰|癸卯|禩|耿逆之變|范承譜|范時,19
1708-yun03,丁丑|七月|三月|侍讀|侍郎|內閣|兼禮部|北鎮|十一月|四月|奉天|學士|幽州|府尹|康熙|徐元|戊寅|暢春園|李繩|漢軍都統|王之樞|甲申|白旗|翰林院|鑲黃旗,25
1709-01,丙子|侍衛|元旦|八旗|公|六格|台吉|哈納|喀喇沁|土默特|壬申|外藩|大學士|姚氏|實錄|己丑|巴林|巴氏|康熙|戶口|明安扎魯特|朱穆秦|杜爾伯特|正月|滿洲|王|王元弼妻|王貝勒貝子|田氏|癸酉|直隸|科爾沁|翁牛特|蒙古|藩王|諸王|貝勒貝子|鄂諾妻,38
1709-02,二月|云波克塔|侍衛|侍郎|俞章|內閣|兼禮部|參領|台吉|司官|壬寅|多羅|多羅貝勒允|大學士|學士|尋武霑|尚書富|己亥|旗漢|松阿喇布|沙喇哈番|波克塔|漢軍副都統|癸卯|白旗|真達賴|禩|總兵|胡土克圖|胡必爾汗|西藏|詹事噶敏|車克初|軍統領|達賴|郡王|青海,37
1709-03,三月|吏部|吳默赫子|壬申|實錄|尼哈番|己丑|康熙|暢春園|汗|沙喇哈番|烏爾土|癸酉|納思圖|襲爵|襲職|車臣|辛未,18
1709-04,劉漢業|南陽|四月|壬寅|太子|太廟|少傅|尚之隆|巡撫|工部|提督|方凱前|李芳述|汪灝|沙喇哈番|河南|癸卯|總兵|辛丑|都督|陝西肅州,21
1709-05,五月|吏部|壬申|實錄|巡撫|己丑|布政使|庚午|康熙|新莊|東趙建|汪灝|河南|花峪溝|賈魯河|辛未|郎中|郡王|鄭州|陝西,20
1709-06,九月|二月|六月|兵部|吏部|地方官|多羅|封多羅貝勒|山東|崇明|巡撫|己亥|布政使|庚子|張蓮條|張雲翼|御史|提督|敕令|朔|松阿喇布|江南|浙江|浙江省|湖北|湖廣|牙行|狼山|王毓賢|理藩|癸卯|稅課|總兵|藩庫|郡王,35
1709-07,七月|九卿|公傅爾丹|地方官|多羅|太廟|奈曼|尚書|山西|巡撫|巡撫噶禮|工部|庚午|弘燮|戊辰|楊義|武弁|直隸|管領|辛未|郡王,21
1709-09,丁卯|九月|厄魯|孔子|實錄|己丑|己巳|康熙|廷敬|戊辰|策零旺布|郡王,12
1709-10,丁酉|侍郎|光祿|內閣|兼禮部|十月|卿|右侍郎|吏部|喇薩理|太僕寺|太廟|學士|少詹事|己亥|常寺卿|康熙|戊戌|昭陵|時憲歷|暢春園|永陵|福陵|詹事|詹事府|講官|通政,27
1709-11,丁卯|乙丑|十一月|司官|地方官|大學士|實錄|己丑|己巳|康熙|故大學士|朔|武清|滿漢|熊賜|熊賜履|直隸|編修|翰林院|薊州,20
1709-12,丁酉|丙申|十二月|吳友子|國公|布政使|廣西|戊戌|按察使|河南|白澗|鎮國將,12
1710-01,丁卯|丙寅|侍衛|元旦|八旗|台吉|土默特|堂子|外藩|大學士|妻蕭氏|實錄|巴林|庚寅|康熙|徐氏|朔|朝鮮國王|杜爾伯特|正月|毛明安|溫逢|滿洲|王|直隸|秦科爾沁|翁牛特|藩王|諸王|貝勒貝子|辛未,31
1710-02,丁酉|丙申|乙未|二月|侍衛|八旗|刑部|固山|多羅貝勒允|天津|孔子|宗人府|巡撫|弘燮|戶部|房山|朔|武格|溫達|王允祉|王雅爾江|直隸|禩|章京|總兵|襲爵|貝子|郡王,28
1710-04,丙申|伯|參領瑯|吏部|哈番|四月|四格|太廟|實錄|尼哈番|庚寅|康熙|廣東|廣西|梧州|正紅旗|沙喇哈番|癸巳|統領|總兵|蒙古|辛丑|領侍衛內,23
1710-05,丙寅|乙丑|五月|侍讀|侍郎|內閣|兼禮部|固山|塞外|多羅貝勒允|奉國將|奉恩將|學士|學政|密雲縣|提督|朔|渭|甲子|禛|禟|禩|翰林院|親王|貝子|郡王|雅布|順天,28
1710-06,丁酉|乙未|侍衛|八旗|六月|塞外|大理寺|巡撫|庚寅|朔|浙江|熱河|禮大學士|花峪溝|通政|領侍衛內,16
1710-07,七月|乙丑|公傅爾丹|南陽|四川|太廟|己未|按察使|李如松|杭州|河南|湖南永州|甲子|總兵|陝西甘,15
1710-08,八月|兵部|台吉|司庫|宗室|宜思恭|察爾欽|將軍|尚書|巡撫|布政使|庚申|張伯行|張斌|張鵬翮|提督|朔|杭州|浙江|王|甲子|癸亥|科爾沁|穆祿|總兵|總督噶禮|胡泮|諾羅布|遊擊|郎中|都司|鄂齊爾圖|里昂,33
1710-09,七月|九月|六月|十一日|壬辰|巡撫|朔|泉州|泉漳|漳州|甲午|福寧|福建|許嗣興|辛卯|閩省,16
1710-10,十月|壬戌|太廟|實錄|尚書|庚寅|康熙|戶部|昭陵|時憲歷|永陵|法爾薩|癸亥|白旗|福陵|襲爵|護軍統|貴州|辛酉|雲南,20
1710-11,兵科|十一月|四川|圜丘|大學士|宋致|山東|己丑|布政使|按察使|昭陵|暢春園|朔|永陵|江南|癸巳|福建|福陵|給事|辛卯|高遐昌,21
1710-12,保住|十二月|喇沁鎮|國公善|壬戌|察罕|左翼|巴喇錫|庚申|烏蘇|統領|辛酉,12
1710-yun07,丁酉|七月|二月|兵部|四川|固山|堯|多爾濟|大學士|實錄|寧番衛|巡撫|庚寅|康熙|扎卜子|扎木素|拉希|振聲|提督|故多羅達爾漢卓禮克圖|散濟|朔|武舉|武舉額|甲午|番|總兵|襲爵|貝子|郡王|部落|鄉試|阿喇卜坦|陝西|陝西肅州,35
1711-01,侍衛|元旦|八旗|台吉|吳洪圖|哈納|圖雅納妻|土默特|堂子|外藩|大學士|女馬氏|妻噶氏|實錄|己丑|巴林|庚寅|康熙|戶口|敖漢科爾沁|朔|朝鮮國王|朱穆|杜爾伯特|正月|毛明安|滿洲|王|直隸|蒙古|藩王|諸王|貝勒貝子|辛卯|郭氏|郭爾羅斯蒿|鄭載崙|魯子琳,38
1711-02,二月|己未|庚申|滿洲|白旗|統領|蒙古|藍旗|軍統領|辛酉|鑲黃旗,11
1711-03,三月|三逆|九卿|交趾|侍讀|兗州|內閣|公大學士|兵部|南巡|吳巴達子|哈密|國公|堯|壬辰|大學士|學士|山東|巡撫|己丑|帝堯|庚寅|張伯行|張鵬翮|徐元|提鎮|明洪武|暢春園|朝鮮|桑乾|武陵|江寧|浙江|浙省|淮|清明|湖南|滹沱|漕|漢人|漳|烏思藏|爵|特旨|琉球|申喬任|番|督撫|祀事|諸王|貝勒貝子|鄂羅斯|闕里|青海,54
1711-04,丁巳|光祿|刑部|卿|四月|大學士|大理寺|太廟|實錄|少卿|尚書|巡撫|工部|己未|庚申|康熙|李林盛|湖廣|漢軍都統|辛卯|鑲紅旗,21
1711-05,五月|侍讀|冷宗昱|官役|己丑|庚寅|戊子|提督|潘從律|熱河|翰林院|蜀|陝西學政|黔,14
1711-06,丁巳|亥|京城|侍衛巴|侍衛賴|六月|地方官|密雲縣|左侍郎|己未|張世爵|朔|朱子|河南|泉州|滎澤縣|熱河|癸亥|福建|順義縣,20
1711-07,七月|丙戌|丹津|公傅爾丹|公蘇里|古爾來|土默特|壬辰|太廟|實錄|康熙|戊子|歸化城|科爾沁|辛卯|都統,16
1711-08,丁巳|八月|公萬舒克|博洛|卜坦|喀爾喀扎薩克|固山|塔西|多羅卓禮克圖|多羅貝勒|己未|戊午|拉卜坦|朔|木扎卜來|畢穎|翁牛特|貝子|郡王|駙蒼津,20
1711-09,丁亥|丙戌|九月|刑部|巡撫|左爾哈|巴顏|布政使|康熙|戊子|拖羅海|提督|沅|湖南|潘宗洛|潘育龍|申喬題|監候|納木生|董昭祚|鎮綏將|陝西,22
1711-10,丁巳|丙辰|乙卯|五十一年|刑部|十月|南巡|四川|地丁|墨爾根|太原|太廟|奉天|實錄|尚書|巡撫|巡撫黃秉中|巡撫齊|工部|康熙|廣東|廣西|張伯行|摺奏|昭陵|時憲|暢春園|永陵|江浙|江蘇|沅|浙江|湖廣|申喬|盛京|直隸|福建|福陵|總督|西湖|貝和諾|貴州|辛卯|郭世隆|都御史|陝|陝西|雲南,48
1711-11,丁亥|丙戌|中式|主考|乙酉|八旗|兵部|十一月|吏部|吳泌|安徽|尚書|巡撫|左侍郎|左必蕃|張伯行|張鵬|必蕃|按察使|提督|揚州|朔|李近|殷特布|江南|江蘇|江西|浙江|湖北|牟欽元|督撫|總兵|總督江蘇|舉人|覆試|都察院|都御史,37
1711-12,丙辰|乙卯|六安|十二月|喀喇沁|壽州|廬州|江南|甲寅|蘇賽|衛鳳陽|西喇烏蘇,12
1712-01,丙戌|乙酉|五十一年|何德麟|侍衛|元旦|八旗|公|刁鴻舉|台吉|吳洪聲|土默特|堂子|壬辰|外藩|大學士|妻孔氏|實錄|巴林|康熙|戶口|扎魯特蘇|敖漢|朔|朝鮮國王|李枋|正月|滿洲|王|甲申|直隸|科爾沁|翁牛特|蒙古|藩王|諸王|貝勒貝子|郭爾羅斯,38
1712-02,丙辰|二月|侍講|保住|兵部|南苑|右衛將|固山|孟俄洛|學士長|宗人府|宗室|將軍唐|尚書|巴勒|暢春園|東郊|楊福爾前|楊福銀|殷特|王允祉|甲寅|癸丑|白都納|盛京|禟|翰林院|講官|貝子|郡王|黑龍江,31
1712-03,三月|丙戌|光祿|公索諾|卿|卿員|奉天|府尹|戴夢麟|暢春園|朔|李濤|甲申|癸未|穆達|通政使|青海,17
1712-04,九卿|五十一年|卜俊民|卿|四月|壬子|壬辰|太和殿|太廟|實錄|康熙|甲寅|癸丑|舉人王|貢士|達扎卜|閩學|陶成紹|陶陳謨,19
1712-05,五月|卿|右衛|司通政|喀喇沁|壬午|大理寺|崔徵璧|左翼|常寺卿|朔|熱河|甲申|癸未|穆布|統禪|通政使|郡王,18
1712-06,乙卯|六月|南贛|參領|壬子|朔日|楊鈞|正黃旗|江西|滿洲|癸丑|白旗|總兵|蒙古|赫達|鑲紅旗,16
1712-07,七月|丙戌|博木布|吏部|壬午|太廟|尚書富|秦多羅厄爾德尼貝勒|胡魯克|辛巳,10
1712-09,九月|五十一年|侍講|侍郎|博士|壬午|壬辰|多羅貝勒|孫生員言德|實錄|庚辰|康熙|得爾吉惠漢|科爾沁|翰林院|辛巳|鄂爾楚|阿必達,18
1712-10,世祖|五十二年|侍衛|內務府|十月|吏部|四川|壬子|大學士|太宗|太廟|太祖|尚書富|巡撫|庚戌|康熙|昭陵|時憲歷|暢春園|楚|殷泰|永陵|熱河|特諭|福陵|總督|諸王|豐潤|貝勒貝子|辛亥|陝西,31
1712-11,五十一年|刑部|十一月|壬辰|實錄|山東|己卯|庚辰|康熙|張氏|朔|正黃旗|熱河|癸未|軍統領,15
1712-12,公阿布蘭子|十二月|奉國將|奉恩將|孝陵|己酉|庚戌|查喇芬|牛家|西雙城|軍原|辛亥|鄂齊,13
1713-01,五十二年|侍衛|元旦|八旗|公|厄魯特|台吉|哈納|堂子|外藩|大學士|妻康氏|實錄|己卯|巴林|庚辰|康熙|戊寅|戶口|扎魯特|敖漢|暢春園|朔|朝鮮國王|朱穆|李氏|杜氏|杜爾伯特|查福塔|正月|毛明安|汪如洲|滿洲|熊氏|王|癸巳|直隸|科爾沁|秦柰曼|翁牛特|蒙古|藩王|裘君弼妻|諸王|貝勒貝子|郭爾羅斯喀爾|金昌|額爾濟,48
1713-02,三桂|九卿|二月|侍郎|內閣|兼禮部|冊立|分封|刑部|右侍郎|大學士|太子|太宗皇帝|太祖|孟子|學士|宋仁宗|己酉|庚戌|戊申|摺|朔|殷乾綱|滿漢|申喬|胡土克圖|蒙古|都御史,28
1713-03,丁丑|三十二年|三月|九卿|五十二年|京城|保安|內閣|公大學士|兵部|吏部|哈密|大學士|太保|太子|學士宗紳|實錄|寧安|尚書|尚書桑額|尚義|尚義等|己卯|康熙|廣東|張鵬翮|戊寅|提標|旅順|暢春園|江南|浙江|淡水|特諭|王之治|癸巳|盛京|科爾沁|總兵|蒙古|藩院|諸王|貝勒貝子|部尚書|閩省,45
1713-04,丁憂|上駟院|世祖|世職|乙巳|仇兆鰲|佐領|侍郎|內務府|內閣|八旗|公彭春|包衣|吏部|四月|大學士|太宗皇帝|太廟|太祖|學士|完扎爾虎齊|宗人府|宗室|實錄|尚書|尼哈番|岳塞布|己酉|巴圖|徐元|徐潮|惟達里|戊申|暢春園|滿洲|王博果|碩托|總管|蒙古|薩哈連|藍旗|覺羅|諸王|貝勒|達福|達里善|鄂善|配享|阿恩哈|阿靈|顧悅|魯安費揚,52
1713-05,丁丑|丙子|五十二年|五月|呼爾亥|塔拜|太祖|宗人府|實錄|康熙|戊寅|朔|癸巳|白旗|總兵|胡會恩|部落|陝西涼州,18
1713-06,丁丑|丙子|何國宗|六月|吉士|多羅|朔|永州|河間|湖廣|甲戌|直隸|碩額|總兵|翁牛特|郡王,16
1713-07,七月|丙午|九卿|侍衛|刑部|劉四|吏部|大學士|太宗皇帝|太廟|太祖|宗人府|宗室|宗文皇帝|尚書|尚書富|巡撫|庚戌|張鵬|戶部|李其慧威|柯彩|柯蔭|沅|滿洲漢人|潘宗洛|王|王吉余|王增|甲辰|監候|福建|總兵|蔡永壽|邵康節|鄭連,36
1713-08,丁丑|丙子|乙亥|五十二年|八月|台吉|哈達|孔子|實錄|康熙|扎布|朔科爾沁|癸巳|蕭永藻,14
1713-09,丙午|乙巳|九月|巡撫|巴顏|拖羅海|朱爾哈代碩倫|江西|烏闌哈爾哈|甲辰,10
1713-10,丙子|乙亥|九卿|兵部|十月|協領|右侍郎|司官|吏部|吳郡|四川|四川省|外轉|大學士|太廟|奉天|將弁|尚書|尚義等|巡撫|工部|康熙|張伯行|張朝午|張鵬|戶部|提督|提鎮|明朝|昭陵|時憲歷|暢春園|桂平|永定河|永陵|江南|沅|浙江|湖南|湖廣|滿漢|潘宗洛|甲戌|盛京|直隸|福陵|科道|科道官|糧則|言官|課則|部尚書|都察院|都御史|錦州|陝西|騎校,57
1713-11,世祖|丙午|乙巳|五十二年|侍郎|光祿|光祿寺|內務府|刑部|十一月|卿|吉士|天培奏|太僕寺|學士|實錄|工部|康熙|廣東|教習|散館|曹鳴詩|淑惠妃|甲辰|癸巳|禛|總管|翰林院|赫奕|通政,30
1713-12,乙亥|十二月|甲戌|癸酉|鄂倫特|陸氏,6
1713-yun05,丁未|乙巳|五月|侍讀|侍郎|內閣|兼禮部|台吉|壬子|學士|德木楚克|朔|科爾沁|翁牛特|臧滾布|諾木桑|都察院|都御史|阿爾筏,19
1714-01,三旗|侍衛|侍郎|元旦|八旗|公|台吉|土默特|堂子|壬寅|外藩|大學士|妻杭氏|學士|實錄|嵩齊|巴林|康熙|戶口|扎魯特|敖漢|暢春園|朔|朝鮮國王|朱穆秦|李氏|正月|泰來|滿洲|王|王貝勒貝子|甲午|甲辰|癸卯|直隸|科爾沁|科爾沁奈曼|翁牛特|蒙古|藩王|諸王|貝勒貝子|項氏,43
1714-02,九卿|二月|停決|內罪|審秋審|將大學士|沙口|減等|特旨|甲戌|癸酉|發落|矜疑|秋後處決|立決|著減|議得|軍流|辛未|郭里口,20
1714-03,三月|九卿|兵部|壬寅|巡撫|廣州|廣西|弘燦|張伯行|暢春園|甲辰|總督|辛丑,13
1714-04,丁卯|九卿|京口|兵部|南巡|吏部|四月|壬申|太廟|奉天|威寧|府尹|教官|王允祉|班禪|癸酉|盛京|總兵|胡土克圖|西藏|貴州|郝林|金山寺,23
1714-05,五月|喀爾沁|壬寅|實錄|庚子|康熙|熱河|甲午|辛丑|郡王,10
1714-06,丙寅|侍衛|六月|固倫榮憲|壬申|巴林|朔|辛未|郡王|鄂爾哲,10
1714-07,七月|侍讀|公傅爾丹|四川|堯|太廟|學士|巡撫|己亥|巴林|庚子|康熙|成都|楊名|江南|湯之旭|滿洲|白旗|監候|碩額|科爾沁|編修|翰林院|考官|詹事府|辛丑|都察院|鄉試|駙多爾濟,29
1714-08,八月|實錄|庚午|康熙|德布|戊辰|按察使|江蘇|浙江|甘肅|甲午|癸酉|翁牛特|金衢|鎮國將,15
1714-09,九月|己亥|庚子|得爾吉惠漢|戊戌|鄂爾楚,6
1714-10,上海|五十四年|京城|刑部|十月|吏部|太廟|尚書|巡撫|己巳|布政使|庚午|康熙|張令濤|張伯行|張鵬翮|戊辰|按察使|昭陵|時憲歷|暢春園|歷法|永陵|江南|江西|湖廣|牟欽元|牟欽元署|王允祉|福建|福陵|總督赫壽|貴州|都察院|都御史|阿錫鼐|顧協,37
1714-11,丞|中式|丹巴|九卿|侍讀|倪滿|光祿|兵部|十一月|卿|口之榮島|國學|圖汗|土謝|壬寅|奉天|學士|定海|實錄|將府|小竹島|山東|島欽島|崆峒|巡綽官|己亥|康熙|御史|戊戌|成山|旅順|書手|朔|李雄|查鐵山|條奏|汗|浙江|甲午|登州|盛京|監生|監試|磨勘|磯島|總兵|翰林院|考試|胡土克圖|虎坪島|衢州|謄錄|貢院|車臣|錢塘|隍城|雙島|黑山,58
1714-12,十二月|南巡|吳存|呼斯台|多輝昂|己巳|戊辰|提督|烏蘇|甘肅|辛未|都督,12
1715-01,乙未|五十四年|元旦|八旗|堂子|大學士|宋真儒|實錄|己亥|康熙|徐廷|戊戌|戶口|朔|朝鮮國王|李氏|楊氏|正月|滿洲|王|王氏|班濟達|直隸|蒙古|藩王|諸王|貝勒貝子|進春|高其序,29
1715-02,下護衛|世綸|丙寅|二月|任若海|兵部|南巡|參將|吏部|大學士|宗人府|尚書|山東|巡撫|工部|己巳|布政使|廣西|張伯行|張元|張元隆|張朝午|張鵬|戊辰|提督|提鎮|朔|江南|江浙|漕|漕運|猺|番|盛京|禩|總督|西番|赫奕|鄭盡心|閩粵|防海|陝,42
1715-03,丁酉|三月|乙未|公傅爾丹|吳氏|大定|宗人府|宗正|戊戌|昭陵|朔|永陵|清明|福陵|貝勒延壽,15
1715-04,丁卯|丙寅|乙丑|乙未|五十四年|四月|天命|太和殿|太廟|實錄|康熙|朔日|李錦等|殿試|貢士,15
1715-05,丁酉|丙申|乙未|五月|台吉|司官|哈密|巡撫|推河|提督|汗王|滿|營喀喇沁|王允祉|王章|甘肅|禛|糧務|總兵|翁金|藍旗|西安|課銀|郡王|里德,25
1715-06,丞|乙丑|乙未|九卿|五十四年|內務府|六月|台吉|司官|土默特|壬戌|多羅達爾漢|孟克|宗人府|實錄|寶泉局|尚書|康熙|戊辰|戶部|摺|朔科爾沁|王綱明|申喬|碩純禧|碩額|科爾沁|筆帖式|迪來|部堂|都察院|都御史|鄂爾齋|錢法|阿喇卜坦,35
1715-07,七月|丙申|丹津|兵部|刑部|博木布|博貝|厄魯特|台吉|國棟|土官|壬辰|太廟|宣尉司|尚書|巡撫綽奇|戶部|扎薩克|扎薩克羅卜藏|朱穆|杜爾伯特|根敦|桑植|梁海|毛土舍|特公博貝奏|甘肅|甲午|秦多羅厄爾德尼貝勒|章京|筆帖式|索倫|統布爾九|統白濟|總管|覃煊|軍機|都御史|阿爾泰嶺|黑龍江,40
1715-08,乙丑|乙未|五十四年|八月|四川|固山|壬戌|實錄|巡撫|康熙|朔|甘州|甘肅|甲子|禛|總督|肅州|莊浪|西安|西寧|鄂海|陝西|鞏昌三處,23
1715-09,九月|二十二日|八月|六月|出嘉峪關|十二日|壬辰|寧安回|巴顏和洛|布爾哈|常馬爾河|抵噶斯口|甲午|癸巳|碩額|肅州|自嘉峪關|至噶斯口,18
1715-10,乙丑|二十九日|五十五年|佐領|侍衛|八旗|八月|六月|十八日|十月|厄魯特人|台吉|吏部|吳爾圖|哈密|哈薩克|太廟|富寧安|將軍席柱|尚書|尚書富|巴爾庫爾|康熙|戴青|振聲|搜濟|昭陵|時憲歷|永陵|特木爾|王|甘州|癸亥|白克木|白克額敏|福陵|總兵|聖壽節|胡必爾汗|至巴爾庫爾|蒙古|西安|西寧口|諸貝勒|貝勒|辛酉|阿爾泰|阿齊圖|青海,49
1715-11,世祖|乙未|九卿|九月|二十四日|五十五年|五十四年|侍讀|保定|十一月|十四日|十月|司僉事|吏部|地丁|壬辰|大學士|學士|學政|宣化|實錄|尚書富|工部|康熙|張逸少|戶部|按察使|提督|提調|朔|永平|汗|河間|浙江|滿洲|滿漢|甲午|癸巳|直隸|福建|經歷|總督范時|翰林院|肅州|自巴爾庫爾|至肅州|起居注|郎中|都察院|都御史|閻之蓋|順天,52
1715-12,兵科|刑部|劉相為|十二月|吏部|宜黃縣|尚書|巡撫|庚申|引見|張伯|張伯行|張元隆|張鵬翮|朔|楊存理|江蘇|江西|熱河|甲子|癸亥|監候|符德彰|給事|通政使|都察院|都御史,27
1716-01,丙申|五十五年|侍衛|傅氏|元旦|八旗|公|初一|台吉|吳道|堂子|壬辰|外藩|大學士|奈曼|實錄|巴林|康熙|戶口|朔|朝鮮國王|朱穆|正月|江氏|滿洲|王|癸巳|直隸|科爾沁|翁牛特|蒙古|藩王|諸王|譚氏|貝勒貝子|辛卯|鄭載倫,37
1716-02,世顯|二月|南門|哈密|國公|壬戌|宗人府|富寧安|富寧安作速|富寧安所奏|寧安奏|將軍席柱|將軍職|尚書富|山西|巡撫綽奇|工部|巴爾庫爾|席柱|應令席柱|提督|柳園頭|楊家馬頭|楊福任|楊福子|滿洲|癸亥|統穆賽|總督|自嘉峪關|范家莊|莊安東縣|蒙古|辛酉|阿濟|阿爾泰|駐防|黑龍江,38
1716-03,三月|壬辰|甲午|辛卯,4
1716-04,吏部|吳郡|四月|壬辰|太廟|學官|宗人府|崔相國|庚寅|引見|戊子|提督|浙江|統崇古禮|總兵|考試|聖公孔毓圻|蘇爾金|處州|親王|貢生|鎮國將|雅布,23
1716-05,九卿|五月|京|京城|初一|噶禮|圖噶禮|圖恩威|大學士|大學士馬齊|將嵩|尚書|嵩祝|嵩祝者|巡撫|己未|庚申|戶部|摺|摺奏|李光地|武英殿|熱河|直隸|禮儀|科道|穆和倫|端午|統崇古禮|藍旗|辛酉|部尚書,32
1716-06,丙申|乙酉|九卿|五十五年|京|以正黃旗|侍郎|傅爾笏納|傅紳|六月|兵部|刑部|刑部侍郎|初二|吏部|呂履恒|周道|四月|壬辰|壽春|大學士|孫柱|學士星|實錄|尚書|尚書赫碩|峨泰長|嵩祝|工部|工部侍郎|左侍郎|己丑|康熙|廣東瓊州|張廷樞|張鵬翮|從典|戶部|摺|朔|李旭升|李華|殷特布|江南|滿洲|熱河|王|王之樞|王奕清|王度|王思軾|王頊齡|申喬|碩卓禮克圖|科爾沁|穆喇錫|總兵|胡作梅|范時|董弘毅|蔡升元|蕭永藻|親王|覺和托|詹事|赫碩|通政使|郝林|都察院|都御史|重遠|阿賴田|麻來,73
1716-07,丁巳|七月|九卿|京師|公登色|四品|大學士|太廟|將軍達|山東|巡撫|己未|戊午|摺奏|杭州|河南|直隸|郭多,18
1716-08,丁亥|丹津|九卿|侍衛伍|八月|吏部|土默特|地方官|富寧安|尚書|巡撫|巡撫綽奇|己丑|巴漢昂|戊子|朔|歸化城|汗|特木爾達|甘肅|科道|統崇古禮|肅州|自嘉峪關|詹事|達禮|達里|都統|金塔寺|陝西,30
1716-09,丁巳|丙辰|九月|宣城|戊午|江南|郭里營,7
1716-10,丁亥|丙戌|丙申|丹巴|九卿|五十五年|五十六年|十月|司官|圖汗|土謝|大學士|太廟|實錄|尚書|康熙|張伯行|戊子|戶部|昭陵|時憲歷|暢春園|李光地|條奏|永陵|發落|白都納|直隸|福陵|科道|胡土克圖,31
1716-11,丁巳|乙卯|八旗|十一月|參贊|察哈爾|山東|己未|布政使|廣東|朔|王用霖|蒙古|阿喇衲,14
1716-12,丁亥|丙戌|九卿|內閣|八旗|十二月|吏部|呼斯台|學士|富寧安|尚書|山西|戊子|河南|湖北|濟魯克|烏蘇|知縣|碩額|翁牛特|肅州|郡王|陝西|駙蒼津,24
1716-yun03,三月|上海|丙申|九卿|五十五年|兵部|劉蔭樞|劉蔭樞本|劉蔭樞題|協領|吏部|吳通|哈密|壬戌|大同|宣化|實錄|尚書|巡撫|布政使|康熙|張家口|戊午|按察使|朔|歸化城|殷特布|江蘇|盧詢|自嘉峪關|至噶斯口|辛酉,32
1717-01,丁巳|丁酉|丙辰|丹津|乙卯|五十六年|侍衛|元旦|八旗|公|公察罕|劉世俊|台吉|喇扎卜|圖爾|土默特|堂子|外藩|大學士|奈曼喀爾|安王|實錄|巴林|巴爾珠爾|康熙|張氏|扎魯特|朔|朝鮮國王|朱穆奏|李枝奐妻|正月|毛明|滿洲|熊耀璣|王|申蘭|直隸|科爾沁|翁牛特|蒙古|藩王|藩院|親王|諸王|貝勒|貝勒貝子|貝子|達顏|郭爾羅斯|鄭載崙|阿育士|青海,53
1717-02,丁亥|丙戌|二月|侍讀|允祿|其福寧|劉蔭樞|劉薩樞著|南澳|吳士玉|周士元|嚴州|姚蒙景|孔子|學政|官黃龍|將費俊|將趙坤|巡撫|布政使|廣東|廣西|廣西督標|應奎|按察使|提督|暢春園|楊朝麟|楊琳|江蘇|江西|河間|浙江|王|王允祉|甲申|直隸|福建|禩|總兵|總督|翰林院|虎山|西安|謝治為|貴州|軍副將|雲南永順|雲南騰|雲南鶴麗|順天|黔,52
1717-03,丁巳|三月|丙辰|乙卯|九卿|侍郎|內閣|兵部|午門|大學士|妻齊氏|學士|徐元|掌院|摺奏|暢春園|江南|深州|王之樞|直隸|總督|翰林院|講官|都察院|都御史|馮淳,26
1717-04,丁亥|丁酉|三月|世顯|乙酉|九卿|五十六年|刑部|刑部侍郎|十二月|南苑|卿|周為|四月|四譯館|大學士|太僕寺|太常寺|太廟|實錄|少卿|山東|山西|巡撫|常寺卿|康熙|張鵬|惠安|提督|摺|江南|泰特|浙江|火耗|熊詔|王盛|田廣運|甲申|知縣|福建|總兵|總督|胡駿|蘇松|行鈔|起居注|鈔|阿錫鼐,48
1717-05,丙辰|二十九日|五月|京城|初三|四月|壬子|大學士|朔|熱河|甲寅|申時,12
1717-06,乙酉|侍郎|內閣|六月|兼禮部|台吉|壬午|學士|巴林|朔科爾沁|甲申|碩卓禮克圖|親王|達色|顧悅履|麻來,16
1717-07,丁酉|七月|主考|乙卯|五十六年|兵部|卜坦來|壬子|太廟|實錄|巡撫|巡撫綽奇|康熙|戶部|扎薩克|武場|癸丑|統瑯圖|總兵|考試|肅州|臬|試例,23
1717-08,丹巴|佐領|侍衛|八月|刑部|十一月|向澤卜尊|君元|回子|壬午|大學士|孫森|學士勒什布|富寧安|巡撫|廣東|張聖佐疏|征拉藏|扎西|提督|摺|撫臣|旅順口|朔|松潘|查禮|桑都噶爾|汗|河北|河南|浙江|王允祉|班禪|癸未|知縣|福建|秦|總兵|總督|胡土克圖|蒙古|西寧|讀學士|辛巳|達賴|鑲黃旗|閩安協|阿二|阿喇衲|阿齊圖|霍善|青海|靖逆將|馮君|駐扎噶斯,55
1717-09,丁酉|九月|五十六年|今拉藏|台吉|四川|壬子|太原|實錄|康熙|得爾吉惠漢|成都|戴青|朔|汗|滿兵|癸丑|策妄|荊州|西寧|辛亥|青海,22
1717-10,五十七年|十月|喀喇沁|壬午|多羅貝勒|太廟|宗室|巡撫|己卯|布政使|康熙|廣西|昭陵|時憲歷|永陵|福陵|科爾沁|貴州|辛巳,19
1717-11,丁酉|九卿|五十六年|侍衛|停決|十一月|南贛|四川|四年|壬子|大學士|太常寺|威寧|孫英敏|實錄|將馬良|尼哈番|川北|庚戌|康熙|暢春園|朔|江西|洞庭|減等|湖廣寶慶|總兵|藍翎|貴州|辛亥|郡王府,31
1717-12,丁酉|丞|五十六年|兩宮|十二月|卿|大理寺|太僕寺|太皇太后|宗人府|定制|實錄|寧壽宮|少卿|庚辰|康熙|朔|東暖閣|漢軍副都統|癸未|白旗|禮儀|諸王|護軍統領|辛巳|陸經遠,26
1718-01,五十七年|俞命雄|元旦|八旗|實錄|己酉|庚戌|康熙|張氏|戊戌|戶口|朝鮮國王|正月|滿洲|王氏|直隸|蒙古|蒼震門|辛亥|郭奇|馮氏,21
1718-02,九卿|二月|侍衛|刑部|右侍郎|周道|壬午|左侍郎|庚辰|戊寅|朔|禮儀|都察院|都御史,14
1718-03,三月|二十三日|二十日|五十七年|侍講|侍郎|保舉|南山|南關|口酸茨河|吏部|呂謙恒|商安撫|喇木扎|多羅|大學士|大通河|太行|學士|官康海|實錄|寬溝|山東|岷州|工部侍郎|己酉|常泰|庚戌|府尹|康熙|張懋能|戊戌|摺奏|朔|李先|浙江|海壽|滿漢|熱河|王懿|科道|索泰|總兵|翰林院|考官|色爾圖|西藏|諸王|貝勒羅布|起居注|辛亥|通州|通政使|郡王|都御史|鄉試|陝西|陝西涼州|青海|領侍衛內,60
1718-04,九卿|二三月|二月|京畿|四月|地方官|太廟|巡撫|工部|己卯|庚辰|廣西|戊寅|朱軾|楊琳|浙江|湖南|督撫|科道|總督|詹事,21
1718-05,丁未|五十七年|五月|八旗|宗人府|實錄|己酉|布政使|庚戌|康熙|引見|戊戌|江蘇|河南|熱河|襲職|都察院,17
1718-06,丁丑|世顯|傅爾丹奏|八旗|六月|南昌|寧安處|將軍傅爾丹|工部|己卯|戊寅|揚古|朔|江西|瓜州|章京|總兵|總督|貴州定|阿爾泰巴爾庫爾,20
1718-07,丁未|七月|世顯|乍浦|五十七年|五十六年|佟桂承襲|佟維藩|保疏言|千總而文|口岸|同知|吏部|喇哈番|嘉興府屬|太廟|宗室|實錄|尼哈番|山口|巡檢|工部|庚戌|康熙|廣西|延信|微山湖|戊戌|戊申|按察使|杭州|東金|江南|沙喇哈番|沛湖|沛縣|浙江|湖口|漕運|福建|總督|荊|運河|阿思哈,44
1718-08,丁丑|乙亥|侍衛|八月|固山|多羅|多羅達爾漢|大學士|奈曼|孔子|孝陵|宗室|嵩祝|工部|巴林|布政使|庫爾禪|戊寅|楚克來|江南|江西|瑪滾|碩額|禮喀喇沁|總督長|總管|貝子|那木塔爾來|郡王|阿壩|駙垂忠來|駙納木賽,32
1718-09,丁丑|丙子|乙亥|九卿|九月|五十七年|六部|兵部|吏部|外郎|安徽|山東|巴漢|康熙|引見|御史|江西|沙河|河南|特木爾達|盛京|直隸|蒙古|貴州|郎中|黑龍江,26
1718-10,世管佐領|丙午|丞|丹巴|乙巳|五十八年|八旗|十月|原管佐領|右侍郎|四格|圖汗|土謝|大學士|太廟|孝惠章|孝陵|宗人府|尚書|工部侍郎|左侍郎|康熙|戶部|旗漢|昭陵|時憲歷|暢春園|李永紹|永陵|烏蘇|王景|甲辰|盛京|福陵|管佐領|胡土克圖|蒙古|藍旗|貝和諾為,39
1718-11,丙子|中甸|主事|乙亥|二十一日|五十七年|侍衛|八月|公馬爾賽|初四|十一月|千把|參領|圜丘|土司|外郎德成|孝惠章|孝陵|實錄|康熙|戊戌|打箭爐|昭陵|暢春園|朔|楊如松|永陵|準噶爾賊|滇省|烏蘇|甲戌|發落|福陵|總兵|陸華齡,35
1718-12,乙巳|劉廷琛|十二月|呂猶龍|壬寅|孝惠章|嵩祝|巡撫|布政使|廣西|按察使|朔|浙江|湖北|王頊齡|甲辰|福建|糧道,18
1718-yun08,丁未|七月|丙午|丹津|乙巳|二十一日|二十日|五十七年|侍衛諾里爾達|八月|十七日|十六日|博音馬松|厄魯特賊|台吉|唐古特|四面山|實錄|康熙|戊戌|旺諾爾布|朔|朱穆秦|河西|滿洲|烏蘇|狼臘嶺|王汝載|碩額|科爾沁|綠旗|遊擊|達賴|都察院|都御史|酋托布齊|里克|額倫特|駙多爾濟,39
1719-01,丁丑|五十八年|俞集|元旦|初八|四格|堂子|壬申|太常寺|孝惠章|孝陵|實錄|己亥|康熙|昭陵|朔|朝鮮國王|正月|永陵|甲戌|祭祀|福陵|陵遣官,23
1719-02,乙巳|二月|公多爾濟色|六月|厄魯特|吳爾袞|固山|暢春園|朔|東郊|王允祉|王策|甲辰|癸卯|盛京|禟|貝子|零旺布,18
1719-03,三月|唐古忒|巴塘|戊寅|戶口|打箭爐|朔|松潘|甲戌|癸酉|白旗|蒙古|西藏|青海,14
1719-04,乙巳|五十八年|公馬爾賽|四月|土伯特|壬寅|大將|太廟|奉天|實錄|己亥|府尹|康熙|明|準噶爾|準噶爾之人|準噶爾賊眾|烏蘇|癸卯|西寧|青海,21
1719-05,九月|五月|凉州|吳爾渾|四月|固原|奉恩將|宗室|山西|山西大同|巡撫綽奇|平郡王|戊辰|扎西|旺諾爾布|朔|每佐領|永謙鎮|汪悟禮|浙江|湖州|甘凉|甘州|甲戌|癸酉|總兵|莊浪|蒙古|蘇爾臣|西寧|訥爾素|護軍|阿什|青海,34
1719-06,丹津|傅爾丹|六月|土默特|壬寅|多爾濟|多羅達爾漢貝勒|庚子|朔|滿洲|甲辰|白旗|策妄|阿爾泰,14
1719-07,丁卯|七月|世顯|五十八年|伯富|八旗|吳納哈帶|地方官|壬申|太廟|實錄|己亥|康熙|浙江|湖北|湖南|準噶爾|癸酉|總督|蔣家壩|貴州|雲南,22
1719-08,世顯|八月|吳城馬頭|唐埂|固山|壬寅|多羅|工部|巴林|庚子|旗丁|朔|江西|湖廣|漕|漢口|監督赫昌|管糧道|糧道|總督|翁牛特|貝子|辛丑|郡王,24
1719-09,九月|噶爾桑|己巳|庚午|張玉麟|故多羅貝勒達|格爾齊|汪楚克|福寧|福建|總兵|諾海|辛未|青海,14
1719-10,五十九年|五十八年|五十六年|侍郎|八月|十月|四格|太廟|孝陵|密雲縣|實錄|己亥|庚子|康熙|昭陵|時憲歷|永陵|烏喇|盛京|福陵|軍餉|辛丑,22
1719-11,十一月|啟秀|巡撫|左侍郎|己巳|布政使|戊辰|戶部|按察使|朔|毛文銓|湖南|滿洲|王奕清|署正|藍旗|詹事|詹事府|貴州|辛未|金世揚|雲南,22
1719-12,丁酉|侍郎|保德|內閣|兵部|刑部|十二月|右侍郎|學士長|安徽|屠沂|己亥|布政使|希堯|庚子|康熙|戶部|按察使|朔|江南|江西|湖南|王承勳|田從典|盛京|監候|直隸|知州|知府|糧例|總督長|董國禮|蔣國正|通永道|郎庥爾賽|都察院|都御史|鳳陽府,38
1720-01,丁卯|五十九年|侍衛|元旦|八旗|公|台吉|嚴寅清|堂子|外藩|大學士|實錄|巴林|庚子|康熙|戊辰|戶口|扎魯特喀爾|暢春園|朔|朝鮮國王|朱穆|杜爾伯特|查氏|楊氏|正月|毛明安|沈氏|滿洲|熊超妻|王|畢御殿|直隸|科爾沁|秦蒿|翁牛特|蒙古|藩王|貝勒貝子|軍馬光|辛未|郭爾羅|鄂謨克|鄧氏|關氏|阮淳|陸什妻|顯妻,48
1720-02,丁酉|二月|侍讀|元年|刑部|南苑|參贊|固山|孫渣|學士常授|宗人府|宗室|寶額|尚書|屈氏|布多|平逆將|康熙|延信|戊戌|戶部|提督|旺諾爾布|暢春園|朔|李旺|李麟|烏蘇|烏闌古木|王|王允祉|甲辰|直隸|禟|管官|總兵|貝子|阿琳,38
1720-03,丁卯|三月|九卿|二月|侍講|吏部|四川|庚午|御史|戊辰|提督|條奏|江南|滿洲|滿漢|翰林院|藍旗,17
1720-04,丁酉|丙申|侍郎|吐魯番|四月|四格|多羅|太廟|寧安奏|尚書|庚子|戶部|海壽|烏魯木齊|統穆賽|統領|西安|西藏|郡王|里德|阿喇衲|阿爾泰|阿爾泰巴爾庫爾,23
1720-05,丁卯|丙寅|五十九年|五月|協領|喀喇沁|富寧安|實錄|寧安所|巴林|庚子|康熙|戊辰|晏布|朔|木札卜來|滿洲|滿洲兵|王|碩達爾漢親|碩額|科爾沁|穆布來|臧滾布|西安|軍功|郡王|鄧其章,28
1720-06,丁酉|丙申|六月|協領|土默特|多羅冰圖|多羅達爾漢貝勒|宜希班|朔|癸巳|碩額|科爾沁|西安|郡主|郡王|阿喇卜坦,16
1720-07,丁卯|七月|丙寅|乙丑|保安|公振衡|兵部|南巡|固山|塔城|太廟|巴林|貝子|都御史|麻來,15
1720-08,丁酉|乙未|五十八年|八月|壬辰|孔子|山西|康熙|戶部|按察使|朔|森圖|浙江|王頊齡|郎中|錢塘,16
1720-09,七月|世倌|丙寅|乙丑|九月|五十九年|京城|侍講|侍讀|侍郎|內閣|兼禮部|初八|十三日|十六日|吐魯番|回子|學士|學政|實錄|庚子|康熙|得爾吉惠漢|提督|李周望|李紱|滿漢|甲子|皮禪城|目沙克扎|翰林院|蘇爾坦|詹事|詹事府|阿克|阿喇衲|靖逆將|順天|顏昂|齊克塔木,40
1720-10,中山王|乙未|公振衡|十月|參領|向龍翼|太廟|孝陵|尚敬遣|康熙|昭陵|時憲歷|正紅旗漢|永陵|滿洲|琉球|甲午|癸巳|福陵|紀綬為|鑲紅旗,21
1720-11,丙寅|九卿|二年|五十九年|京城|侍講馬豫|修惠士奇|修方|刑部|十一月|四川|四年|學政|實錄|山東|山西|巡撫綽奇|左春坊|左諭德|常壽|庚子|康熙|廣東|張大受|張蓁|彭廷訓|彭維新|徐昂發|提督|政檢討黎致|朔|朝審|永城|江西|汪份|河南|浙江|湖廣學政|甘肅|甲子|申喬|癸亥|福建|科道|科道官|編修|編修王|翰林院|英柱|蔣氏|蔣漣|詹事|貴州|贊善|路振聲|軍餉|郎中|部尚書,58
1720-12,丁酉|世顯|侍郎|內閣|十二月|右侍郎|壬辰|學士|宣化|工部|延慶|張伯行|徐基盤|徐州|戶部|李紱|清河|湖廣|癸巳|直隸|碭山|竇家林|總督|蔡家集|都察院|都御史,26
1721-01,丁卯|侍衛|元旦|四川|堂子|堯|孝陵|定西|實錄|將軍噶爾弼|川兵|平逆將|康熙|成都|打箭爐|昭陵|朔|朝鮮國王|李宜顯|李昀|杭州|正月|永陵|滿兵|滿洲|滿漢|王|畢御殿|癸亥|福陵|綠旗|總督年|羌州|藩王|軍延信|辛丑|陵遣官|雲南,38
1721-02,三月|世揚|乙未|二月|侍郎|固山|壬辰|大學士|尚崇廙|尼哈番|山東|巡撫|布多|張廷|滿洲|烏蘭古木|王世廉|王珏子|禟|縣君婿|藍旗|襲職|貝子|辛卯|部,25
1721-03,三月|壬戌|廣東|朔|潮洲|癸亥|督標|福建|總兵|辛酉,10
1721-04,九卿|儲大文|吐魯番|四月|壬辰|大將|太和殿|太廟|富寧安|實錄|將軍|屯田|庚寅|康熙|提督|提鎮|梁海|滿漢|烏蘇|王允祉|甘肅|科道|策妄|詹事|貢士|路振聲|辛丑|辛卯|里德|阿喇衲|青海,31
1721-05,世顯|五月|京師|初二|初八|參贊|吐魯番|四川|堯|壬戌|大將|宗室|定西|平逆將|庚申|延信|張鵬|張鵬翮|扎西|朔|朱穆秦|江南|滿洲|甘州|綠旗兵|總督|總督噶爾弼|肅州|西寧|辛酉,30
1721-06,六月|兵部|台吉|哈番|四川|圖巴|堯|壬辰|大將|天津|實錄|山東|山西|庚寅|康熙|成都|扎薩克|提督|撫臣|朔|梁海|江南|沙喇哈番|河南|湖廣|滿洲|直隸|策妄|索倫|總兵|總督年|西安|貝勒丹|辛丑|辛卯|金多爾濟|陝西|高其位|黑龍江,39
1721-07,七月|三十一年|參領|台吉|喀喇沁|太廟|山西|庚寅|康熙|廣州|廣西|戊子|木扎卜|楊琳|焦三桂|王允祉|畢禮袞|碩額|科爾沁|總督|辛卯|達賴|郡王|馮毅,24
1721-08,八月|厄爾德尼子|哈達|喀喇沁|多爾濟|多羅厄爾德尼貝|實錄|己未|庚申|康熙|戊午|碩額|策卜登|納木扎爾|辛丑|達瑪林|郡王|駙納木賽,18
1721-09,中關|九月|公|博洛|厄魯特|台吉|哈納|土默特|嵩齊|己丑|庚寅|戊子|敖漢|王貝勒貝子|科爾沁|翁牛特|蒙古|西巴爾台|部落|郭爾羅斯,20
1721-10,丁巳|七年|丹津|侍郎|公|十月|台吉|吐魯番|唐古特|噶爾之眾|四川|土伯特|土伯特國|堯|太廟|孝陵|宗文皇帝|實錄|岳鍾琪|崇德|巡撫|庚申|康熙|懲治令|戊午|振興法|提督|昭陵|時憲歷|暢春園|李先鋒莊|松潘|武陟|永陵|汗|河南|滎澤二縣|滎澤縣|滎澤舊|滿洲|營口|牛鈕|王貝勒貝子|王雅爾江|班禪|盛京|福陵|第巴|策妄|綠旗兵|總督年|蒙古|西寧|西藏|辛丑|達賴|部落|郭羅克|都御史|阿喇衲|青海|額爾德尼達賴,62
1721-11,丁亥|十一月|圜丘|孝陵|戊子|昭陵|暢春園|朔|永陵|灣鳳山|班禪|福建|福陵|禛|胡土克圖|西藏|辛卯|達賴,18
1721-12,丁巳|乙丑|乙卯|十二月|南旺|吏部|壬戌|孝惠章|尚書|山東|巡撫|張秋|張鵬|御史|朔|李樹德|武陟|沁河|沙河|河南|湖濟寧|營口|爵|鄭氏|鈕會同|魏家莊,26
1721-yun06,何氏|六月|兵部|吏部|多羅貝勒西|孫柱|尚書|己未|庚申|朔日|李昀|泰來|甘肅|閆耀斗妻|鮮國王,15
1722-01,丁亥|乙酉|乾清宮|元旦|八旗|堂子|壬寅|孝陵|宗室|實錄|康熙|戊子|昭陵|朔|朝鮮國王|李健命|李昀|正月|永陵|滿洲|王|王雅爾江|畢御殿|福陵|蒙古|藩王|諸王|貝勒貝子|陵遣官,29
1722-02,丁巳|丙辰|二月|孔子|新城|王頊齡|甲寅|鎮安橋,8
1722-03,丁亥|三月|丙戌|乙酉|今春|侍郎|內閣|兵部|右侍郎|吉士|吏部|壬寅|實錄|尚書陳元龍|左侍郎|康熙|張大有|張廷玉|教習|暢春園|正紅旗|清明|滿洲|漢軍都統|王度|荊州|西安|軍統領|都察院|都御史|鑲紅旗,31
1722-04,乙卯|司官|四月|地方官|堯|太廟|屯田|布隆吉|弘燮奏|戊午|提督|沙州|燉煌|王雅爾江|瓜州|甲寅|綠旗兵|縣官|總兵|總督年|蒙古人|諭戶部|路振聲|關外|順德,25
1722-05,丙戌|乙酉|九卿|五月|刑部|參遊|參領|吉武坤|地方官|大學士|宗室|工部|張倫|提鎮|朔|條奏|正紅旗|正紅旗漢|正黃旗|武坤山|武山|武縣|水寨|沁水|沈元弼|浙江|滎澤縣|滿洲|漢軍佐領|牛鈕|王殿|癸未|白旗|盛京|監候|督撫|福州|福建|紅旗漢|總督|羊山|蒙古|西倫圖|軍黃秉鉞|都御史|鑲紅旗|領達成|騷達色,48
1722-06,丙辰|六月|協領|台吉|吏部|固山|壬寅|實錄|巴克|康熙|摺|朔|甲寅|碩額|章京|筆帖式|覺羅塞什圖|貝子|辛亥|都察院|顧爾泰,21
1722-07,七月|八月|吐魯番|呂猶龍|四川|回人|堯|大定|太廟|巡撫|巡撫綽奇|張弘印|戊子|按察使|正月|江西|浙江|王全臣|甘肅|甲申|石文焯|福建|總兵|總督年|辛巳|阿喇衲|陝西,27
1722-08,丙辰|二年|八月|准部|吐魯番|壬子|寧安所|巡撫噶什圖|常壽|弘燮|提督|朔|朱穆|浙江|烏魯木齊|王允祉|甘肅|甲寅|直隸|禛|秦多羅厄羅德尼貝勒策|總督|蘭溪|路振聲|陝西,25
1722-09,九月|壬午|壬寅|實錄|康熙|熱河|甲申|癸未|西巴爾台,9
1722-10,世祖|九卿|侍衛|八旗|十月|四月|地方官|大學士|天啟|太廟|太祖|孔子|孝陵|孫氏|學士|宗文皇帝|容城|將噶什圖|尼哈番|崇禎|巡撫噶什圖|布政使|平三逆|弘燮子|徐惺所|摺|新安|明萬歷|昭陵|李壤|李煥元|永陵|泰昌|湖廣|火耗|王雅爾江|甲寅|癸丑|直隸|福陵|科道|縣官|總督|襲職|詹事|軍機|軍統領|辛亥|陝省|陝西|陝西督撫,51
1722-11,乙酉|侍郎|保德|十一月|協領|參領|吳禮布|壬午|壬寅|安徽|實錄|布政使|康熙|戶部|按察使|朔|正紅旗|正藍旗|正黃旗|江西|滿洲|盛京|石文焯|蒙古|藍旗|辛巳|鑲紅旗,27
